timestamp,event_id,event_type,severity,drowsiness_score,speed,frame_number,evidence_filename,clip_filename,details
2026-07-29 15:50:02,evt_119_2261,HEAD_POSE_TILT,WARNING,0.0,76.6,119,evidence_HEAD_POSE_TILT_20260729_155002_frame_119.jpg,event_HEAD_POSE_TILT_20260729_155002.mp4,"Driver head tilt/distraction: pitch=178.7, roll=5.1, yaw=-9.0"
2026-07-29 15:50:06,evt_179_6842,HEAD_POSE_TILT,WARNING,0.0,77.6,179,evidence_HEAD_POSE_TILT_20260729_155006_frame_179.jpg,event_HEAD_POSE_TILT_20260729_155002.mp4,"Driver head tilt/distraction: pitch=178.6, roll=5.2, yaw=-11.2"
2026-07-29 15:50:11,evt_239_1194,HEAD_POSE_TILT,WARNING,0.0,85.3,239,evidence_HEAD_POSE_TILT_20260729_155011_frame_239.jpg,event_HEAD_POSE_TILT_20260729_155011.mp4,"Driver head tilt/distraction: pitch=178.8, roll=5.3, yaw=-12.5"
2026-07-29 15:50:15,evt_299_5644,HEAD_POSE_TILT,WARNING,0.0,77.0,299,evidence_HEAD_POSE_TILT_20260729_155015_frame_299.jpg,event_HEAD_POSE_TILT_20260729_155011.mp4,"Driver head tilt/distraction: pitch=178.4, roll=5.4, yaw=-10.1"
2026-07-29 15:50:20,evt_359_521,HEAD_POSE_TILT,WARNING,0.6,76.6,359,evidence_HEAD_POSE_TILT_20260729_155020_frame_359.jpg,event_HEAD_POSE_TILT_20260729_155020.mp4,"Driver head tilt/distraction: pitch=176.7, roll=5.0, yaw=-11.3"
2026-07-29 15:50:25,evt_419_5069,HEAD_POSE_TILT,WARNING,11.4,84.4,419,evidence_HEAD_POSE_TILT_20260729_155025_frame_419.jpg,event_HEAD_POSE_TILT_20260729_155020.mp4,"Driver head tilt/distraction: pitch=-177.1, roll=3.4, yaw=-6.6"
2026-07-29 15:50:29,evt_479_9772,HEAD_POSE_TILT,WARNING,71.0,78.4,479,evidence_HEAD_POSE_TILT_20260729_155029_frame_479.jpg,event_HEAD_POSE_TILT_20260729_155029.mp4,"Driver head tilt/distraction: pitch=-172.7, roll=3.4, yaw=-3.5"
2026-07-29 15:50:33,evt_539_3871,HEAD_POSE_TILT,WARNING,100.0,75.7,539,evidence_HEAD_POSE_TILT_20260729_155033_frame_539.jpg,event_HEAD_POSE_TILT_20260729_155029.mp4,"Driver head tilt/distraction: pitch=-174.0, roll=3.7, yaw=-6.3"
2026-07-29 15:50:35,evt_561_5511,MICRO_SLEEP,CRITICAL,100.0,78.3,561,evidence_MICRO_SLEEP_20260729_155035_frame_561.jpg,event_HEAD_POSE_TILT_20260729_155029.mp4,Eyes closed for 2.0s. Severe fatigue detected.
2026-07-29 15:50:39,evt_599_9246,HEAD_POSE_TILT,WARNING,100.0,83.9,599,evidence_HEAD_POSE_TILT_20260729_155039_frame_599.jpg,event_HEAD_POSE_TILT_20260729_155039.mp4,"Driver head tilt/distraction: pitch=-169.1, roll=2.3, yaw=-6.1"
2026-07-29 15:50:41,evt_621_1077,MICRO_SLEEP,CRITICAL,100.0,85.5,621,evidence_MICRO_SLEEP_20260729_155041_frame_621.jpg,event_HEAD_POSE_TILT_20260729_155039.mp4,Eyes closed for 3.0s. Severe fatigue detected.
2026-07-29 15:50:44,evt_659_4335,HEAD_POSE_TILT,WARNING,100.0,80.6,659,evidence_HEAD_POSE_TILT_20260729_155044_frame_659.jpg,event_HEAD_POSE_TILT_20260729_155039.mp4,"Driver head tilt/distraction: pitch=-169.4, roll=2.6, yaw=-8.4"
2026-07-29 15:57:04,evt_60_4345,DRIVER_MISSING,CRITICAL,0.0,84.1,60,evidence_DRIVER_MISSING_20260729_155704_frame_60.jpg,event_DRIVER_MISSING_20260729_155704.mp4,Driver's face missing/not detected for > 2 seconds.
2026-07-29 15:57:09,evt_139_9399,DRIVER_MISSING,CRITICAL,0.0,75.3,139,evidence_DRIVER_MISSING_20260729_155709_frame_139.jpg,event_DRIVER_MISSING_20260729_155709.mp4,Driver's face missing/not detected for > 2 seconds.
2026-07-29 15:57:14,evt_221_4435,DRIVER_MISSING,CRITICAL,0.0,83.9,221,evidence_DRIVER_MISSING_20260729_155714_frame_221.jpg,event_DRIVER_MISSING_20260729_155714.mp4,Driver's face missing/not detected for > 2 seconds.
2026-07-29 15:57:19,evt_301_9500,DRIVER_MISSING,CRITICAL,0.0,77.9,301,evidence_DRIVER_MISSING_20260729_155719_frame_301.jpg,event_DRIVER_MISSING_20260729_155719.mp4,Driver's face missing/not detected for > 2 seconds.
2026-07-29 15:57:24,evt_383_4527,DRIVER_MISSING,CRITICAL,0.0,81.7,383,evidence_DRIVER_MISSING_20260729_155724_frame_383.jpg,event_DRIVER_MISSING_20260729_155724.mp4,Driver's face missing/not detected for > 2 seconds.
2026-07-29 15:57:29,evt_467_9563,DRIVER_MISSING,CRITICAL,0.0,80.0,467,evidence_DRIVER_MISSING_20260729_155729_frame_467.jpg,event_DRIVER_MISSING_20260729_155729.mp4,Driver's face missing/not detected for > 2 seconds.
2026-07-29 15:57:34,evt_550_4597,DRIVER_MISSING,CRITICAL,0.0,78.0,550,evidence_DRIVER_MISSING_20260729_155734_frame_550.jpg,event_DRIVER_MISSING_20260729_155734.mp4,Driver's face missing/not detected for > 2 seconds.
2026-07-29 15:57:54,evt_57_4753,HEAD_POSE_TILT,WARNING,3.6,83.8,57,evidence_HEAD_POSE_TILT_20260729_155754_frame_57.jpg,event_HEAD_POSE_TILT_20260729_155754.mp4,"Driver head tilt/distraction: pitch=158.8, roll=-1.9, yaw=30.5"
2026-07-29 15:57:58,evt_110_8052,PHONE_USAGE,CRITICAL,19.8,78.3,110,evidence_PHONE_USAGE_20260729_155758_frame_110.jpg,event_HEAD_POSE_TILT_20260729_155754.mp4,Driver detected holding cell phone.
2026-07-29 15:57:59,evt_126_9435,DRIVER_MISSING,CRITICAL,19.8,76.2,126,evidence_DRIVER_MISSING_20260729_155759_frame_126.jpg,event_DRIVER_MISSING_20260729_155759.mp4,Driver's face missing/not detected for > 2 seconds.
2026-07-29 15:58:02,evt_180_2648,PHONE_USAGE,CRITICAL,19.8,77.7,180,evidence_PHONE_USAGE_20260729_155802_frame_180.jpg,event_DRIVER_MISSING_20260729_155759.mp4,Driver detected holding cell phone.
2026-07-29 15:58:04,evt_204_4445,DRIVER_MISSING,CRITICAL,19.8,83.0,204,evidence_DRIVER_MISSING_20260729_155804_frame_204.jpg,event_DRIVER_MISSING_20260729_155804.mp4,Driver's face missing/not detected for > 2 seconds.
2026-07-29 15:58:06,evt_237_6671,PHONE_USAGE,CRITICAL,19.8,85.4,237,evidence_PHONE_USAGE_20260729_155806_frame_237.jpg,event_DRIVER_MISSING_20260729_155804.mp4,Driver detected holding cell phone.
2026-07-29 15:58:09,evt_278_9489,DRIVER_MISSING,CRITICAL,19.8,81.3,278,evidence_DRIVER_MISSING_20260729_155809_frame_278.jpg,event_DRIVER_MISSING_20260729_155809.mp4,Driver's face missing/not detected for > 2 seconds.
2026-07-29 15:58:10,evt_292_696,PHONE_USAGE,CRITICAL,19.8,78.5,292,evidence_PHONE_USAGE_20260729_155810_frame_292.jpg,event_DRIVER_MISSING_20260729_155809.mp4,Driver detected holding cell phone.
2026-07-29 15:58:14,evt_354_4503,DRIVER_MISSING,CRITICAL,19.8,75.9,354,evidence_DRIVER_MISSING_20260729_155814_frame_354.jpg,event_DRIVER_MISSING_20260729_155814.mp4,Driver's face missing/not detected for > 2 seconds.
2026-07-29 15:58:16,evt_383_6490,HEAD_POSE_TILT,WARNING,14.0,80.7,383,evidence_HEAD_POSE_TILT_20260729_155816_frame_383.jpg,event_DRIVER_MISSING_20260729_155814.mp4,"Driver head tilt/distraction: pitch=-176.9, roll=-1.9, yaw=-6.3"
2026-07-29 15:58:18,evt_421_8935,HEAD_POSE_TILT,WARNING,6.8,84.2,421,evidence_HEAD_POSE_TILT_20260729_155818_frame_421.jpg,event_HEAD_POSE_TILT_20260729_155818.mp4,"Driver head tilt/distraction: pitch=-175.2, roll=-7.4, yaw=-6.5"
2026-07-29 15:58:24,evt_515_4225,DRIVER_MISSING,CRITICAL,7.2,74.8,515,evidence_DRIVER_MISSING_20260729_155824_frame_515.jpg,event_DRIVER_MISSING_20260729_155824.mp4,Driver's face missing/not detected for > 2 seconds.
2026-07-29 15:58:29,evt_615_9809,PHONE_USAGE,CRITICAL,5.0,85.7,615,evidence_PHONE_USAGE_20260729_155829_frame_615.jpg,event_PHONE_USAGE_20260729_155829.mp4,Driver detected holding cell phone.
2026-07-29 15:58:30,evt_622_590,HEAD_POSE_TILT,WARNING,1.8,84.7,622,evidence_HEAD_POSE_TILT_20260729_155830_frame_622.jpg,event_PHONE_USAGE_20260729_155829.mp4,"Driver head tilt/distraction: pitch=173.8, roll=-19.0, yaw=32.2"
2026-07-29 15:58:32,evt_651_2527,HEAD_POSE_TILT,WARNING,45.2,80.6,651,evidence_HEAD_POSE_TILT_20260729_155832_frame_651.jpg,event_PHONE_USAGE_20260729_155829.mp4,"Driver head tilt/distraction: pitch=-174.3, roll=-16.5, yaw=-28.2"
2026-07-29 15:58:34,evt_681_4608,HEAD_POSE_TILT,WARNING,62.2,76.0,681,evidence_HEAD_POSE_TILT_20260729_155834_frame_681.jpg,event_HEAD_POSE_TILT_20260729_155834.mp4,"Driver head tilt/distraction: pitch=177.6, roll=-9.7, yaw=38.7"
2026-07-29 15:58:36,evt_710_6513,HEAD_POSE_TILT,WARNING,81.4,74.5,710,evidence_HEAD_POSE_TILT_20260729_155836_frame_710.jpg,event_HEAD_POSE_TILT_20260729_155834.mp4,"Driver head tilt/distraction: pitch=176.5, roll=-14.0, yaw=2.4"
2026-07-29 15:58:38,evt_738_8354,PHONE_USAGE,CRITICAL,71.0,78.3,738,evidence_PHONE_USAGE_20260729_155838_frame_738.jpg,event_HEAD_POSE_TILT_20260729_155834.mp4,Driver detected holding cell phone.
2026-07-29 15:58:38,evt_740_8990,HEAD_POSE_TILT,WARNING,69.8,77.6,740,evidence_HEAD_POSE_TILT_20260729_155838_frame_740.jpg,event_HEAD_POSE_TILT_20260729_155838.mp4,"Driver head tilt/distraction: pitch=-175.4, roll=-5.9, yaw=-51.8"
2026-07-29 15:58:40,evt_769_900,HEAD_POSE_TILT,WARNING,64.8,81.7,769,evidence_HEAD_POSE_TILT_20260729_155840_frame_769.jpg,event_HEAD_POSE_TILT_20260729_155838.mp4,"Driver head tilt/distraction: pitch=177.3, roll=-2.0, yaw=-24.2"
2026-07-29 15:58:42,evt_798_2818,HEAD_POSE_TILT,WARNING,53.2,85.3,798,evidence_HEAD_POSE_TILT_20260729_155842_frame_798.jpg,event_HEAD_POSE_TILT_20260729_155838.mp4,"Driver head tilt/distraction: pitch=-176.3, roll=-3.8, yaw=-34.1"
2026-07-29 15:58:43,evt_812_3858,PHONE_USAGE,CRITICAL,56.2,84.1,812,evidence_PHONE_USAGE_20260729_155843_frame_812.jpg,event_PHONE_USAGE_20260729_155843.mp4,Driver detected holding cell phone.
2026-07-29 15:58:48,evt_883_8314,HEAD_POSE_TILT,WARNING,48.2,75.7,883,evidence_HEAD_POSE_TILT_20260729_155848_frame_883.jpg,event_HEAD_POSE_TILT_20260729_155848.mp4,"Driver head tilt/distraction: pitch=177.0, roll=-12.6, yaw=28.2"
2026-07-29 15:58:50,evt_912_172,HEAD_POSE_TILT,WARNING,52.0,76.0,912,evidence_HEAD_POSE_TILT_20260729_155850_frame_912.jpg,event_HEAD_POSE_TILT_20260729_155848.mp4,"Driver head tilt/distraction: pitch=170.9, roll=3.6, yaw=16.0"
2026-07-29 15:58:52,evt_941_2403,HEAD_POSE_TILT,WARNING,49.2,80.3,941,evidence_HEAD_POSE_TILT_20260729_155852_frame_941.jpg,event_HEAD_POSE_TILT_20260729_155848.mp4,"Driver head tilt/distraction: pitch=177.2, roll=-2.4, yaw=30.1"
2026-07-29 15:58:54,evt_970_4386,HEAD_POSE_TILT,WARNING,46.4,84.6,970,evidence_HEAD_POSE_TILT_20260729_155854_frame_970.jpg,event_HEAD_POSE_TILT_20260729_155854.mp4,"Driver head tilt/distraction: pitch=173.5, roll=-4.8, yaw=20.2"
2026-07-29 15:58:55,evt_998_5903,PHONE_USAGE,CRITICAL,49.2,84.9,998,evidence_PHONE_USAGE_20260729_155855_frame_998.jpg,event_HEAD_POSE_TILT_20260729_155854.mp4,Driver detected holding cell phone.
2026-07-29 15:58:56,evt_1000_6352,HEAD_POSE_TILT,WARNING,48.0,84.0,1000,evidence_HEAD_POSE_TILT_20260729_155856_frame_1000.jpg,event_HEAD_POSE_TILT_20260729_155854.mp4,"Driver head tilt/distraction: pitch=-178.4, roll=-0.1, yaw=-27.7"
2026-07-29 15:58:58,evt_1029_8238,HEAD_POSE_TILT,WARNING,43.0,80.3,1029,evidence_HEAD_POSE_TILT_20260729_155858_frame_1029.jpg,event_HEAD_POSE_TILT_20260729_155858.mp4,"Driver head tilt/distraction: pitch=175.4, roll=-2.6, yaw=-21.0"
2026-07-29 15:59:00,evt_1058_151,HEAD_POSE_TILT,WARNING,35.8,76.4,1058,evidence_HEAD_POSE_TILT_20260729_155900_frame_1058.jpg,event_HEAD_POSE_TILT_20260729_155858.mp4,"Driver head tilt/distraction: pitch=-175.2, roll=-3.6, yaw=-34.5"
2026-07-29 15:59:01,evt_1087_1864,HEAD_POSE_TILT,WARNING,30.8,75.9,1087,evidence_HEAD_POSE_TILT_20260729_155901_frame_1087.jpg,event_HEAD_POSE_TILT_20260729_155858.mp4,"Driver head tilt/distraction: pitch=-175.4, roll=6.9, yaw=-28.2"
2026-07-29 15:59:04,evt_1119_4044,HEAD_POSE_TILT,WARNING,52.2,78.1,1119,evidence_HEAD_POSE_TILT_20260729_155904_frame_1119.jpg,event_HEAD_POSE_TILT_20260729_155903.mp4,"Driver head tilt/distraction: pitch=171.8, roll=-21.2, yaw=43.2"
2026-07-29 15:59:05,evt_1148_5929,HEAD_POSE_TILT,WARNING,58.2,81.8,1148,evidence_HEAD_POSE_TILT_20260729_155905_frame_1148.jpg,event_HEAD_POSE_TILT_20260729_155903.mp4,"Driver head tilt/distraction: pitch=173.2, roll=-14.8, yaw=29.0"
2026-07-29 15:59:07,evt_1177_7878,HEAD_POSE_TILT,WARNING,55.4,85.3,1177,evidence_HEAD_POSE_TILT_20260729_155907_frame_1177.jpg,event_HEAD_POSE_TILT_20260729_155903.mp4,"Driver head tilt/distraction: pitch=171.2, roll=-18.2, yaw=29.4"
2026-07-29 15:59:10,evt_1205_63,PHONE_USAGE,CRITICAL,46.8,83.7,1205,evidence_PHONE_USAGE_20260729_155910_frame_1205.jpg,event_PHONE_USAGE_20260729_155909.mp4,Driver detected holding cell phone.
2026-07-29 15:59:10,evt_1206_488,HEAD_POSE_TILT,WARNING,46.0,82.5,1206,evidence_HEAD_POSE_TILT_20260729_155910_frame_1206.jpg,event_PHONE_USAGE_20260729_155909.mp4,"Driver head tilt/distraction: pitch=169.5, roll=-12.9, yaw=25.8"
2026-07-29 15:59:16,evt_1310_6543,DRIVER_MISSING,CRITICAL,36.0,77.5,1310,evidence_DRIVER_MISSING_20260729_155916_frame_1310.jpg,event_DRIVER_MISSING_20260729_155916.mp4,Driver's face missing/not detected for > 2 seconds.
2026-07-29 15:59:17,evt_1321_7692,HEAD_POSE_TILT,WARNING,43.2,79.4,1321,evidence_HEAD_POSE_TILT_20260729_155917_frame_1321.jpg,event_DRIVER_MISSING_20260729_155916.mp4,"Driver head tilt/distraction: pitch=164.4, roll=-21.8, yaw=23.2"
2026-07-29 15:59:19,evt_1350_9649,HEAD_POSE_TILT,WARNING,88.8,83.4,1350,evidence_HEAD_POSE_TILT_20260729_155919_frame_1350.jpg,event_DRIVER_MISSING_20260729_155916.mp4,"Driver head tilt/distraction: pitch=167.5, roll=-20.8, yaw=37.1"
2026-07-29 15:59:21,evt_1379_1705,HEAD_POSE_TILT,WARNING,100.0,83.7,1379,evidence_HEAD_POSE_TILT_20260729_155921_frame_1379.jpg,event_HEAD_POSE_TILT_20260729_155921.mp4,"Driver head tilt/distraction: pitch=169.4, roll=-6.9, yaw=26.8"
2026-07-29 15:59:23,evt_1408_3682,HEAD_POSE_TILT,WARNING,100.0,81.4,1408,evidence_HEAD_POSE_TILT_20260729_155923_frame_1408.jpg,event_HEAD_POSE_TILT_20260729_155921.mp4,"Driver head tilt/distraction: pitch=166.1, roll=-15.5, yaw=58.5"
2026-07-29 15:59:28,evt_1482_8428,DRIVER_MISSING,CRITICAL,95.6,77.1,1482,evidence_DRIVER_MISSING_20260729_155928_frame_1482.jpg,event_DRIVER_MISSING_20260729_155928.mp4,Driver's face missing/not detected for > 2 seconds.
2026-07-29 15:59:31,evt_1523_1380,HEAD_POSE_TILT,WARNING,89.6,82.0,1523,evidence_HEAD_POSE_TILT_20260729_155931_frame_1523.jpg,event_DRIVER_MISSING_20260729_155928.mp4,"Driver head tilt/distraction: pitch=-177.5, roll=-5.9, yaw=-30.2"
2026-07-29 15:59:33,evt_1552_3493,HEAD_POSE_TILT,WARNING,78.0,84.4,1552,evidence_HEAD_POSE_TILT_20260729_155933_frame_1552.jpg,event_HEAD_POSE_TILT_20260729_155933.mp4,"Driver head tilt/distraction: pitch=-179.8, roll=-2.2, yaw=31.1"
2026-07-29 15:59:35,evt_1582_5541,HEAD_POSE_TILT,WARNING,75.2,82.2,1582,evidence_HEAD_POSE_TILT_20260729_155935_frame_1582.jpg,event_HEAD_POSE_TILT_20260729_155933.mp4,"Driver head tilt/distraction: pitch=-172.8, roll=8.4, yaw=12.8"
2026-07-29 15:59:37,evt_1610_7506,PHONE_USAGE,CRITICAL,64.8,79.1,1610,evidence_PHONE_USAGE_20260729_155937_frame_1610.jpg,event_HEAD_POSE_TILT_20260729_155933.mp4,Driver detected holding cell phone.
2026-07-29 15:59:38,evt_1612_8130,HEAD_POSE_TILT,WARNING,63.6,78.8,1612,evidence_HEAD_POSE_TILT_20260729_155938_frame_1612.jpg,event_HEAD_POSE_TILT_20260729_155937.mp4,"Driver head tilt/distraction: pitch=-169.8, roll=-7.2, yaw=-53.6"
2026-07-29 15:59:40,evt_1642_222,HEAD_POSE_TILT,WARNING,56.4,74.8,1642,evidence_HEAD_POSE_TILT_20260729_155940_frame_1642.jpg,event_HEAD_POSE_TILT_20260729_155937.mp4,"Driver head tilt/distraction: pitch=-174.2, roll=-162.5, yaw=35.5"
2026-07-29 15:59:44,evt_1722_4915,DRIVER_MISSING,CRITICAL,48.4,84.0,1722,evidence_DRIVER_MISSING_20260729_155944_frame_1722.jpg,event_DRIVER_MISSING_20260729_155944.mp4,Driver's face missing/not detected for > 2 seconds.
2026-07-30 22:00:43,evt_119_3734,HEAD_POSE_TILT,WARNING,0.0,76.9,119,evidence_HEAD_POSE_TILT_20260730_220043_frame_119.jpg,event_HEAD_POSE_TILT_20260730_220043.mp4,"Driver head tilt/distraction: pitch=178.7, roll=5.1, yaw=-9.0"
2026-07-30 22:00:49,evt_179_9060,HEAD_POSE_TILT,WARNING,0.0,79.1,179,evidence_HEAD_POSE_TILT_20260730_220049_frame_179.jpg,event_HEAD_POSE_TILT_20260730_220043.mp4,"Driver head tilt/distraction: pitch=178.6, roll=5.2, yaw=-11.2"
2026-07-30 22:00:54,evt_239_4688,HEAD_POSE_TILT,WARNING,0.0,85.8,239,evidence_HEAD_POSE_TILT_20260730_220054_frame_239.jpg,event_HEAD_POSE_TILT_20260730_220054.mp4,"Driver head tilt/distraction: pitch=178.8, roll=5.3, yaw=-12.5"
2026-07-30 22:00:59,evt_299_9882,HEAD_POSE_TILT,WARNING,0.0,78.3,299,evidence_HEAD_POSE_TILT_20260730_220059_frame_299.jpg,event_HEAD_POSE_TILT_20260730_220054.mp4,"Driver head tilt/distraction: pitch=178.4, roll=5.4, yaw=-10.1"
2026-07-30 22:01:05,evt_359_5125,HEAD_POSE_TILT,WARNING,0.6,78.1,359,evidence_HEAD_POSE_TILT_20260730_220105_frame_359.jpg,event_HEAD_POSE_TILT_20260730_220104.mp4,"Driver head tilt/distraction: pitch=176.7, roll=5.0, yaw=-11.3"
2026-07-30 22:01:10,evt_419_977,HEAD_POSE_TILT,WARNING,11.4,84.2,419,evidence_HEAD_POSE_TILT_20260730_220110_frame_419.jpg,event_HEAD_POSE_TILT_20260730_220104.mp4,"Driver head tilt/distraction: pitch=-177.1, roll=3.4, yaw=-6.6"
2026-07-30 22:01:16,evt_479_6560,HEAD_POSE_TILT,WARNING,71.0,78.0,479,evidence_HEAD_POSE_TILT_20260730_220116_frame_479.jpg,event_HEAD_POSE_TILT_20260730_220116.mp4,"Driver head tilt/distraction: pitch=-172.7, roll=3.4, yaw=-3.5"
2026-07-30 22:01:18,evt_501_8587,MICRO_SLEEP,CRITICAL,100.0,75.3,501,evidence_MICRO_SLEEP_20260730_220118_frame_501.jpg,event_HEAD_POSE_TILT_20260730_220116.mp4,Eyes closed for 1.0s. Severe fatigue detected.
2026-07-30 22:01:22,evt_539_2264,HEAD_POSE_TILT,WARNING,100.0,75.7,539,evidence_HEAD_POSE_TILT_20260730_220122_frame_539.jpg,event_HEAD_POSE_TILT_20260730_220116.mp4,"Driver head tilt/distraction: pitch=-174.0, roll=3.7, yaw=-6.3"
2026-07-30 22:01:24,evt_561_4347,MICRO_SLEEP,CRITICAL,100.0,79.0,561,evidence_MICRO_SLEEP_20260730_220124_frame_561.jpg,event_HEAD_POSE_TILT_20260730_220116.mp4,Eyes closed for 2.0s. Severe fatigue detected.
2026-07-30 22:01:28,evt_599_8370,HEAD_POSE_TILT,WARNING,100.0,85.2,599,evidence_HEAD_POSE_TILT_20260730_220128_frame_599.jpg,event_HEAD_POSE_TILT_20260730_220128.mp4,"Driver head tilt/distraction: pitch=-169.1, roll=2.3, yaw=-6.1"
2026-07-30 22:01:30,evt_621_407,MICRO_SLEEP,CRITICAL,100.0,84.9,621,evidence_MICRO_SLEEP_20260730_220130_frame_621.jpg,event_HEAD_POSE_TILT_20260730_220128.mp4,Eyes closed for 3.0s. Severe fatigue detected.
2026-07-30 22:01:34,evt_659_4055,HEAD_POSE_TILT,WARNING,100.0,79.4,659,evidence_HEAD_POSE_TILT_20260730_220134_frame_659.jpg,event_HEAD_POSE_TILT_20260730_220128.mp4,"Driver head tilt/distraction: pitch=-169.4, roll=2.6, yaw=-8.4"
2026-07-30 22:01:57,evt_60_7254,DRIVER_MISSING,CRITICAL,0.0,84.8,60,evidence_DRIVER_MISSING_20260730_220157_frame_60.jpg,event_DRIVER_MISSING_20260730_220157.mp4,Driver's face missing/not detected for > 2 seconds.
2026-07-30 22:02:02,evt_130_2306,DRIVER_MISSING,CRITICAL,0.0,74.5,130,evidence_DRIVER_MISSING_20260730_220202_frame_130.jpg,event_DRIVER_MISSING_20260730_220202.mp4,Driver's face missing/not detected for > 2 seconds.
2026-07-30 22:02:07,evt_197_7346,DRIVER_MISSING,CRITICAL,0.0,81.0,197,evidence_DRIVER_MISSING_20260730_220207_frame_197.jpg,event_DRIVER_MISSING_20260730_220207.mp4,Driver's face missing/not detected for > 2 seconds.
2026-07-30 22:02:12,evt_266_2350,DRIVER_MISSING,CRITICAL,0.0,82.3,266,evidence_DRIVER_MISSING_20260730_220212_frame_266.jpg,event_DRIVER_MISSING_20260730_220212.mp4,Driver's face missing/not detected for > 2 seconds.
2026-07-30 22:02:17,evt_336_7403,DRIVER_MISSING,CRITICAL,0.0,74.8,336,evidence_DRIVER_MISSING_20260730_220217_frame_336.jpg,event_DRIVER_MISSING_20260730_220217.mp4,Driver's face missing/not detected for > 2 seconds.
2026-07-30 22:02:22,evt_404_2411,DRIVER_MISSING,CRITICAL,0.0,83.4,404,evidence_DRIVER_MISSING_20260730_220222_frame_404.jpg,event_DRIVER_MISSING_20260730_220222.mp4,Driver's face missing/not detected for > 2 seconds.
2026-07-30 22:02:27,evt_472_7447,DRIVER_MISSING,CRITICAL,0.0,80.5,472,evidence_DRIVER_MISSING_20260730_220227_frame_472.jpg,event_DRIVER_MISSING_20260730_220227.mp4,Driver's face missing/not detected for > 2 seconds.
2026-07-30 22:02:32,evt_546_2464,DRIVER_MISSING,CRITICAL,0.0,76.3,546,evidence_DRIVER_MISSING_20260730_220232_frame_546.jpg,event_DRIVER_MISSING_20260730_220232.mp4,Driver's face missing/not detected for > 2 seconds.
2026-07-30 22:03:12,evt_57_2158,HEAD_POSE_TILT,WARNING,3.6,85.5,57,evidence_HEAD_POSE_TILT_20260730_220312_frame_57.jpg,event_HEAD_POSE_TILT_20260730_220312.mp4,"Driver head tilt/distraction: pitch=158.8, roll=-1.9, yaw=30.5"
2026-07-30 22:03:15,evt_110_5742,PHONE_USAGE,CRITICAL,19.8,76.7,110,evidence_PHONE_USAGE_20260730_220315_frame_110.jpg,event_HEAD_POSE_TILT_20260730_220312.mp4,Driver detected holding cell phone.
2026-07-30 22:03:17,evt_126_7251,DRIVER_MISSING,CRITICAL,19.8,76.2,126,evidence_DRIVER_MISSING_20260730_220317_frame_126.jpg,event_DRIVER_MISSING_20260730_220317.mp4,Driver's face missing/not detected for > 2 seconds.
2026-07-30 22:03:19,evt_162_9895,PHONE_USAGE,CRITICAL,19.8,75.3,162,evidence_PHONE_USAGE_20260730_220319_frame_162.jpg,event_DRIVER_MISSING_20260730_220317.mp4,Driver detected holding cell phone.
2026-07-30 22:03:22,evt_191_2288,DRIVER_MISSING,CRITICAL,19.8,80.5,191,evidence_DRIVER_MISSING_20260730_220322_frame_191.jpg,event_DRIVER_MISSING_20260730_220322.mp4,Driver's face missing/not detected for > 2 seconds.
2026-07-30 22:03:24,evt_212_4043,PHONE_USAGE,CRITICAL,19.8,83.4,212,evidence_PHONE_USAGE_20260730_220324_frame_212.jpg,event_DRIVER_MISSING_20260730_220322.mp4,Driver detected holding cell phone.
2026-07-30 22:03:27,evt_255_7347,DRIVER_MISSING,CRITICAL,19.8,83.2,255,evidence_DRIVER_MISSING_20260730_220327_frame_255.jpg,event_DRIVER_MISSING_20260730_220327.mp4,Driver's face missing/not detected for > 2 seconds.
2026-07-30 22:03:28,evt_261_8074,PHONE_USAGE,CRITICAL,19.8,83.5,261,evidence_PHONE_USAGE_20260730_220328_frame_261.jpg,event_DRIVER_MISSING_20260730_220327.mp4,Driver detected holding cell phone.
2026-07-30 22:03:32,evt_320_2373,DRIVER_MISSING,CRITICAL,19.8,75.3,320,evidence_DRIVER_MISSING_20260730_220332_frame_320.jpg,event_DRIVER_MISSING_20260730_220332.mp4,Driver's face missing/not detected for > 2 seconds.
2026-07-30 22:03:37,evt_383_7140,HEAD_POSE_TILT,WARNING,14.0,80.7,383,evidence_HEAD_POSE_TILT_20260730_220337_frame_383.jpg,event_HEAD_POSE_TILT_20260730_220336.mp4,"Driver head tilt/distraction: pitch=-176.9, roll=-1.9, yaw=-6.3"
2026-07-30 22:03:39,evt_421_9943,HEAD_POSE_TILT,WARNING,6.8,85.8,421,evidence_HEAD_POSE_TILT_20260730_220339_frame_421.jpg,event_HEAD_POSE_TILT_20260730_220336.mp4,"Driver head tilt/distraction: pitch=-175.2, roll=-7.4, yaw=-6.5"
2026-07-30 22:03:46,evt_515_6153,DRIVER_MISSING,CRITICAL,7.2,75.6,515,evidence_DRIVER_MISSING_20260730_220346_frame_515.jpg,event_DRIVER_MISSING_20260730_220346.mp4,Driver's face missing/not detected for > 2 seconds.
2026-07-30 22:03:51,evt_588_1200,DRIVER_MISSING,CRITICAL,7.2,83.6,588,evidence_DRIVER_MISSING_20260730_220351_frame_588.jpg,event_DRIVER_MISSING_20260730_220351.mp4,Driver's face missing/not detected for > 2 seconds.
2026-07-30 22:03:53,evt_615_3341,PHONE_USAGE,CRITICAL,5.0,84.0,615,evidence_PHONE_USAGE_20260730_220353_frame_615.jpg,event_DRIVER_MISSING_20260730_220351.mp4,Driver detected holding cell phone.
2026-07-30 22:03:54,evt_622_4189,HEAD_POSE_TILT,WARNING,1.8,84.9,622,evidence_HEAD_POSE_TILT_20260730_220354_frame_622.jpg,event_DRIVER_MISSING_20260730_220351.mp4,"Driver head tilt/distraction: pitch=173.8, roll=-19.0, yaw=32.2"
2026-07-30 22:03:56,evt_651_6544,HEAD_POSE_TILT,WARNING,45.2,81.0,651,evidence_HEAD_POSE_TILT_20260730_220356_frame_651.jpg,event_HEAD_POSE_TILT_20260730_220356.mp4,"Driver head tilt/distraction: pitch=-174.3, roll=-16.5, yaw=-28.2"
2026-07-30 22:03:57,evt_664_7614,PHONE_USAGE,CRITICAL,66.8,79.9,664,evidence_PHONE_USAGE_20260730_220357_frame_664.jpg,event_HEAD_POSE_TILT_20260730_220356.mp4,Driver detected holding cell phone.
2026-07-30 22:03:59,evt_681_9135,HEAD_POSE_TILT,WARNING,62.2,75.8,681,evidence_HEAD_POSE_TILT_20260730_220359_frame_681.jpg,event_HEAD_POSE_TILT_20260730_220356.mp4,"Driver head tilt/distraction: pitch=177.6, roll=-9.7, yaw=38.7"
2026-07-30 22:04:01,evt_710_1448,HEAD_POSE_TILT,WARNING,81.4,74.8,710,evidence_HEAD_POSE_TILT_20260730_220401_frame_710.jpg,event_HEAD_POSE_TILT_20260730_220401.mp4,"Driver head tilt/distraction: pitch=176.5, roll=-14.0, yaw=2.4"
2026-07-30 22:04:03,evt_738_3653,PHONE_USAGE,CRITICAL,71.0,78.3,738,evidence_PHONE_USAGE_20260730_220403_frame_738.jpg,event_HEAD_POSE_TILT_20260730_220401.mp4,Driver detected holding cell phone.
2026-07-30 22:04:04,evt_740_4145,HEAD_POSE_TILT,WARNING,69.8,76.8,740,evidence_HEAD_POSE_TILT_20260730_220404_frame_740.jpg,event_HEAD_POSE_TILT_20260730_220401.mp4,"Driver head tilt/distraction: pitch=-175.4, roll=-5.9, yaw=-51.8"
2026-07-30 22:04:06,evt_769_6474,HEAD_POSE_TILT,WARNING,64.8,81.8,769,evidence_HEAD_POSE_TILT_20260730_220406_frame_769.jpg,event_HEAD_POSE_TILT_20260730_220406.mp4,"Driver head tilt/distraction: pitch=177.3, roll=-2.0, yaw=-24.2"
2026-07-30 22:04:07,evt_785_7671,PHONE_USAGE,CRITICAL,58.8,84.3,785,evidence_PHONE_USAGE_20260730_220407_frame_785.jpg,event_HEAD_POSE_TILT_20260730_220406.mp4,Driver detected holding cell phone.
2026-07-30 22:04:08,evt_798_8890,HEAD_POSE_TILT,WARNING,53.2,84.0,798,evidence_HEAD_POSE_TILT_20260730_220408_frame_798.jpg,event_HEAD_POSE_TILT_20260730_220406.mp4,"Driver head tilt/distraction: pitch=-176.3, roll=-3.8, yaw=-34.1"
2026-07-30 22:04:11,evt_842_1803,PHONE_USAGE,CRITICAL,56.2,80.7,842,evidence_PHONE_USAGE_20260730_220411_frame_842.jpg,event_PHONE_USAGE_20260730_220411.mp4,Driver detected holding cell phone.
2026-07-30 22:04:14,evt_883_4754,HEAD_POSE_TILT,WARNING,48.2,76.1,883,evidence_HEAD_POSE_TILT_20260730_220414_frame_883.jpg,event_PHONE_USAGE_20260730_220411.mp4,"Driver head tilt/distraction: pitch=177.0, roll=-12.6, yaw=28.2"
2026-07-30 22:04:16,evt_912_6763,HEAD_POSE_TILT,WARNING,52.0,76.3,912,evidence_HEAD_POSE_TILT_20260730_220416_frame_912.jpg,event_HEAD_POSE_TILT_20260730_220416.mp4,"Driver head tilt/distraction: pitch=170.9, roll=3.6, yaw=16.0"
2026-07-30 22:04:18,evt_941_8438,HEAD_POSE_TILT,WARNING,49.2,80.5,941,evidence_HEAD_POSE_TILT_20260730_220418_frame_941.jpg,event_HEAD_POSE_TILT_20260730_220416.mp4,"Driver head tilt/distraction: pitch=177.2, roll=-2.4, yaw=30.1"
2026-07-30 22:04:20,evt_970_57,HEAD_POSE_TILT,WARNING,46.4,84.1,970,evidence_HEAD_POSE_TILT_20260730_220420_frame_970.jpg,event_HEAD_POSE_TILT_20260730_220416.mp4,"Driver head tilt/distraction: pitch=173.5, roll=-4.8, yaw=20.2"
2026-07-30 22:04:21,evt_998_1701,PHONE_USAGE,CRITICAL,49.2,85.6,998,evidence_PHONE_USAGE_20260730_220421_frame_998.jpg,event_PHONE_USAGE_20260730_220421.mp4,Driver detected holding cell phone.
2026-07-30 22:04:22,evt_1000_2168,HEAD_POSE_TILT,WARNING,48.0,84.4,1000,evidence_HEAD_POSE_TILT_20260730_220422_frame_1000.jpg,event_PHONE_USAGE_20260730_220421.mp4,"Driver head tilt/distraction: pitch=-178.4, roll=-0.1, yaw=-27.7"
2026-07-30 22:04:23,evt_1029_3942,HEAD_POSE_TILT,WARNING,43.0,81.1,1029,evidence_HEAD_POSE_TILT_20260730_220423_frame_1029.jpg,event_PHONE_USAGE_20260730_220421.mp4,"Driver head tilt/distraction: pitch=175.4, roll=-2.6, yaw=-21.0"
2026-07-30 22:04:25,evt_1058_5746,HEAD_POSE_TILT,WARNING,35.8,76.0,1058,evidence_HEAD_POSE_TILT_20260730_220425_frame_1058.jpg,event_HEAD_POSE_TILT_20260730_220425.mp4,"Driver head tilt/distraction: pitch=-175.2, roll=-3.6, yaw=-34.5"
2026-07-30 22:04:27,evt_1087_7390,HEAD_POSE_TILT,WARNING,30.8,75.1,1087,evidence_HEAD_POSE_TILT_20260730_220427_frame_1087.jpg,event_HEAD_POSE_TILT_20260730_220425.mp4,"Driver head tilt/distraction: pitch=-175.4, roll=6.9, yaw=-28.2"
2026-07-30 22:04:29,evt_1119_9325,HEAD_POSE_TILT,WARNING,52.2,78.2,1119,evidence_HEAD_POSE_TILT_20260730_220429_frame_1119.jpg,event_HEAD_POSE_TILT_20260730_220429.mp4,"Driver head tilt/distraction: pitch=171.8, roll=-21.2, yaw=43.2"
2026-07-30 22:04:31,evt_1148_1181,HEAD_POSE_TILT,WARNING,58.2,82.2,1148,evidence_HEAD_POSE_TILT_20260730_220431_frame_1148.jpg,event_HEAD_POSE_TILT_20260730_220429.mp4,"Driver head tilt/distraction: pitch=173.2, roll=-14.8, yaw=29.0"
2026-07-30 22:04:33,evt_1177_3047,HEAD_POSE_TILT,WARNING,55.4,84.1,1177,evidence_HEAD_POSE_TILT_20260730_220433_frame_1177.jpg,event_HEAD_POSE_TILT_20260730_220429.mp4,"Driver head tilt/distraction: pitch=171.2, roll=-18.2, yaw=29.4"
2026-07-30 22:04:34,evt_1205_4929,PHONE_USAGE,CRITICAL,46.8,83.0,1205,evidence_PHONE_USAGE_20260730_220434_frame_1205.jpg,event_PHONE_USAGE_20260730_220434.mp4,Driver detected holding cell phone.
2026-07-30 22:04:35,evt_1206_5348,HEAD_POSE_TILT,WARNING,46.0,83.1,1206,evidence_HEAD_POSE_TILT_20260730_220435_frame_1206.jpg,event_PHONE_USAGE_20260730_220434.mp4,"Driver head tilt/distraction: pitch=169.5, roll=-12.9, yaw=25.8"
2026-07-30 22:04:41,evt_1310_1175,DRIVER_MISSING,CRITICAL,36.0,79.4,1310,evidence_DRIVER_MISSING_20260730_220441_frame_1310.jpg,event_DRIVER_MISSING_20260730_220441.mp4,Driver's face missing/not detected for > 2 seconds.
2026-07-30 22:04:42,evt_1321_2156,HEAD_POSE_TILT,WARNING,43.2,81.0,1321,evidence_HEAD_POSE_TILT_20260730_220442_frame_1321.jpg,event_DRIVER_MISSING_20260730_220441.mp4,"Driver head tilt/distraction: pitch=164.4, roll=-21.8, yaw=23.2"
2026-07-30 22:04:43,evt_1350_3920,HEAD_POSE_TILT,WARNING,88.8,83.4,1350,evidence_HEAD_POSE_TILT_20260730_220443_frame_1350.jpg,event_DRIVER_MISSING_20260730_220441.mp4,"Driver head tilt/distraction: pitch=167.5, roll=-20.8, yaw=37.1"
2026-07-30 22:04:45,evt_1379_5614,HEAD_POSE_TILT,WARNING,100.0,85.2,1379,evidence_HEAD_POSE_TILT_20260730_220445_frame_1379.jpg,event_HEAD_POSE_TILT_20260730_220445.mp4,"Driver head tilt/distraction: pitch=169.4, roll=-6.9, yaw=26.8"
2026-07-30 22:04:46,evt_1396_6606,MICRO_SLEEP,CRITICAL,100.0,82.7,1396,evidence_MICRO_SLEEP_20260730_220446_frame_1396.jpg,event_HEAD_POSE_TILT_20260730_220445.mp4,Eyes closed for 1.0s. Severe fatigue detected.
2026-07-30 22:04:47,evt_1408_7564,HEAD_POSE_TILT,WARNING,100.0,80.7,1408,evidence_HEAD_POSE_TILT_20260730_220447_frame_1408.jpg,event_HEAD_POSE_TILT_20260730_220445.mp4,"Driver head tilt/distraction: pitch=166.1, roll=-15.5, yaw=58.5"
2026-07-30 22:04:51,evt_1482_1260,DRIVER_MISSING,CRITICAL,95.6,75.6,1482,evidence_DRIVER_MISSING_20260730_220451_frame_1482.jpg,event_DRIVER_MISSING_20260730_220451.mp4,Driver's face missing/not detected for > 2 seconds.
2026-07-30 22:04:53,evt_1523_3889,HEAD_POSE_TILT,WARNING,89.6,82.1,1523,evidence_HEAD_POSE_TILT_20260730_220453_frame_1523.jpg,event_DRIVER_MISSING_20260730_220451.mp4,"Driver head tilt/distraction: pitch=-177.5, roll=-5.9, yaw=-30.2"
2026-07-30 22:04:55,evt_1552_5856,HEAD_POSE_TILT,WARNING,78.0,85.4,1552,evidence_HEAD_POSE_TILT_20260730_220455_frame_1552.jpg,event_HEAD_POSE_TILT_20260730_220455.mp4,"Driver head tilt/distraction: pitch=-179.8, roll=-2.2, yaw=31.1"
2026-07-30 22:04:57,evt_1582_7770,HEAD_POSE_TILT,WARNING,75.2,82.3,1582,evidence_HEAD_POSE_TILT_20260730_220457_frame_1582.jpg,event_HEAD_POSE_TILT_20260730_220455.mp4,"Driver head tilt/distraction: pitch=-172.8, roll=8.4, yaw=12.8"
2026-07-30 22:04:59,evt_1610_9531,PHONE_USAGE,CRITICAL,64.8,78.4,1610,evidence_PHONE_USAGE_20260730_220459_frame_1610.jpg,event_HEAD_POSE_TILT_20260730_220455.mp4,Driver detected holding cell phone.
2026-07-30 22:05:00,evt_1612_147,HEAD_POSE_TILT,WARNING,63.6,78.1,1612,evidence_HEAD_POSE_TILT_20260730_220500_frame_1612.jpg,event_HEAD_POSE_TILT_20260730_220500.mp4,"Driver head tilt/distraction: pitch=-169.8, roll=-7.2, yaw=-53.6"
2026-07-30 22:05:02,evt_1642_2082,HEAD_POSE_TILT,WARNING,56.4,75.8,1642,evidence_HEAD_POSE_TILT_20260730_220502_frame_1642.jpg,event_HEAD_POSE_TILT_20260730_220500.mp4,"Driver head tilt/distraction: pitch=-174.2, roll=-162.5, yaw=35.5"
2026-07-30 22:05:06,evt_1722_6460,DRIVER_MISSING,CRITICAL,48.4,84.3,1722,evidence_DRIVER_MISSING_20260730_220506_frame_1722.jpg,event_DRIVER_MISSING_20260730_220506.mp4,Driver's face missing/not detected for > 2 seconds.
2026-07-30 22:19:39,evt_55_9638,HEAD_POSE_TILT,WARNING,12.2,84.0,55,evidence_HEAD_POSE_TILT_20260730_221939_frame_55.jpg,event_HEAD_POSE_TILT_20260730_221939.mp4,"Driver head tilt/distraction: pitch=-178.6, roll=-1.6, yaw=9.2"
2026-07-30 22:19:42,evt_83_2074,HEAD_POSE_TILT,WARNING,45.0,81.9,83,evidence_HEAD_POSE_TILT_20260730_221942_frame_83.jpg,event_HEAD_POSE_TILT_20260730_221939.mp4,"Driver head tilt/distraction: pitch=-177.7, roll=-1.5, yaw=11.7"
2026-07-30 22:19:44,evt_111_4542,HEAD_POSE_TILT,WARNING,88.8,77.3,111,evidence_HEAD_POSE_TILT_20260730_221944_frame_111.jpg,event_HEAD_POSE_TILT_20260730_221939.mp4,"Driver head tilt/distraction: pitch=-177.9, roll=-0.7, yaw=9.1"
2026-07-30 22:19:45,evt_114_5171,MICRO_SLEEP,CRITICAL,94.2,76.5,114,evidence_MICRO_SLEEP_20260730_221945_frame_114.jpg,event_MICRO_SLEEP_20260730_221944.mp4,Eyes closed for 1.0s. Severe fatigue detected.
2026-07-30 22:19:47,evt_139_7567,HEAD_POSE_TILT,WARNING,96.8,74.4,139,evidence_HEAD_POSE_TILT_20260730_221947_frame_139.jpg,event_MICRO_SLEEP_20260730_221944.mp4,"Driver head tilt/distraction: pitch=-177.9, roll=-1.3, yaw=12.8"
2026-07-30 22:19:50,evt_167_61,HEAD_POSE_TILT,WARNING,100.0,76.8,167,evidence_HEAD_POSE_TILT_20260730_221950_frame_167.jpg,event_MICRO_SLEEP_20260730_221944.mp4,"Driver head tilt/distraction: pitch=-148.5, roll=0.9, yaw=0.9"
2026-07-30 22:19:52,evt_195_2597,HEAD_POSE_TILT,WARNING,96.8,80.9,195,evidence_HEAD_POSE_TILT_20260730_221952_frame_195.jpg,event_HEAD_POSE_TILT_20260730_221952.mp4,"Driver head tilt/distraction: pitch=-159.3, roll=0.4, yaw=8.6"
2026-07-30 22:19:55,evt_223_5029,HEAD_POSE_TILT,WARNING,100.0,84.2,223,evidence_HEAD_POSE_TILT_20260730_221955_frame_223.jpg,event_HEAD_POSE_TILT_20260730_221952.mp4,"Driver head tilt/distraction: pitch=-179.6, roll=-0.8, yaw=1.2"
2026-07-30 22:19:55,evt_231_5841,MICRO_SLEEP,CRITICAL,100.0,84.9,231,evidence_MICRO_SLEEP_20260730_221955_frame_231.jpg,event_HEAD_POSE_TILT_20260730_221952.mp4,Eyes closed for 1.0s. Severe fatigue detected.
2026-07-30 22:19:57,evt_251_7839,HEAD_POSE_TILT,WARNING,96.4,84.8,251,evidence_HEAD_POSE_TILT_20260730_221957_frame_251.jpg,event_HEAD_POSE_TILT_20260730_221952.mp4,"Driver head tilt/distraction: pitch=-176.6, roll=-1.1, yaw=13.2"
2026-07-30 22:20:00,evt_279_404,HEAD_POSE_TILT,WARNING,91.8,79.9,279,evidence_HEAD_POSE_TILT_20260730_222000_frame_279.jpg,event_HEAD_POSE_TILT_20260730_222000.mp4,"Driver head tilt/distraction: pitch=-174.5, roll=-2.1, yaw=16.1"
2026-07-30 22:20:02,evt_307_2799,HEAD_POSE_TILT,WARNING,80.6,76.3,307,evidence_HEAD_POSE_TILT_20260730_222002_frame_307.jpg,event_HEAD_POSE_TILT_20260730_222000.mp4,"Driver head tilt/distraction: pitch=-166.4, roll=-1.1, yaw=18.2"
2026-07-30 22:20:05,evt_335_5320,HEAD_POSE_TILT,WARNING,76.0,74.6,335,evidence_HEAD_POSE_TILT_20260730_222005_frame_335.jpg,event_HEAD_POSE_TILT_20260730_222000.mp4,"Driver head tilt/distraction: pitch=-151.1, roll=173.0, yaw=9.7"
2026-07-30 22:20:07,evt_363_7888,HEAD_POSE_TILT,WARNING,69.2,78.4,363,evidence_HEAD_POSE_TILT_20260730_222007_frame_363.jpg,event_HEAD_POSE_TILT_20260730_222007.mp4,"Driver head tilt/distraction: pitch=-138.1, roll=175.2, yaw=10.2"
2026-07-30 22:20:10,evt_392_438,HEAD_POSE_TILT,WARNING,77.8,81.4,392,evidence_HEAD_POSE_TILT_20260730_222010_frame_392.jpg,event_HEAD_POSE_TILT_20260730_222007.mp4,"Driver head tilt/distraction: pitch=178.0, roll=162.9, yaw=0.7"
2026-07-30 22:20:13,evt_420_3071,HEAD_POSE_TILT,WARNING,93.0,85.1,420,evidence_HEAD_POSE_TILT_20260730_222013_frame_420.jpg,event_HEAD_POSE_TILT_20260730_222012.mp4,"Driver head tilt/distraction: pitch=-151.4, roll=173.4, yaw=3.4"
2026-07-30 22:20:15,evt_449_5440,HEAD_POSE_TILT,WARNING,99.2,83.6,449,evidence_HEAD_POSE_TILT_20260730_222015_frame_449.jpg,event_HEAD_POSE_TILT_20260730_222012.mp4,"Driver head tilt/distraction: pitch=-162.1, roll=17.2, yaw=2.5"
2026-07-30 22:20:18,evt_485_8562,HEAD_POSE_TILT,WARNING,97.6,78.6,485,evidence_HEAD_POSE_TILT_20260730_222018_frame_485.jpg,event_HEAD_POSE_TILT_20260730_222018.mp4,"Driver head tilt/distraction: pitch=-158.1, roll=-13.0, yaw=11.8"
2026-07-30 22:20:21,evt_514_1035,HEAD_POSE_TILT,WARNING,95.2,75.4,514,evidence_HEAD_POSE_TILT_20260730_222021_frame_514.jpg,event_HEAD_POSE_TILT_20260730_222018.mp4,"Driver head tilt/distraction: pitch=178.9, roll=-2.4, yaw=3.0"
2026-07-30 22:20:23,evt_542_3626,HEAD_POSE_TILT,WARNING,94.8,75.6,542,evidence_HEAD_POSE_TILT_20260730_222023_frame_542.jpg,event_HEAD_POSE_TILT_20260730_222023.mp4,"Driver head tilt/distraction: pitch=-179.4, roll=-1.4, yaw=14.8"
2026-07-30 22:20:25,evt_570_5953,HEAD_POSE_TILT,WARNING,83.6,80.0,570,evidence_HEAD_POSE_TILT_20260730_222025_frame_570.jpg,event_HEAD_POSE_TILT_20260730_222023.mp4,"Driver head tilt/distraction: pitch=-155.3, roll=0.0, yaw=10.7"
2026-07-30 22:20:28,evt_598_8294,HEAD_POSE_TILT,WARNING,72.4,83.9,598,evidence_HEAD_POSE_TILT_20260730_222028_frame_598.jpg,event_HEAD_POSE_TILT_20260730_222023.mp4,"Driver head tilt/distraction: pitch=-159.8, roll=1.2, yaw=11.3"
2026-07-30 22:20:30,evt_626_883,HEAD_POSE_TILT,WARNING,61.2,84.3,626,evidence_HEAD_POSE_TILT_20260730_222030_frame_626.jpg,event_HEAD_POSE_TILT_20260730_222030.mp4,"Driver head tilt/distraction: pitch=-145.0, roll=-179.9, yaw=17.5"
2026-07-30 22:20:32,evt_654_2955,HEAD_POSE_TILT,WARNING,87.4,80.0,654,evidence_HEAD_POSE_TILT_20260730_222032_frame_654.jpg,event_HEAD_POSE_TILT_20260730_222030.mp4,"Driver head tilt/distraction: pitch=-166.0, roll=-2.1, yaw=18.0"
2026-07-30 22:20:33,evt_665_3891,MICRO_SLEEP,CRITICAL,100.0,78.5,665,evidence_MICRO_SLEEP_20260730_222033_frame_665.jpg,event_HEAD_POSE_TILT_20260730_222030.mp4,Eyes closed for 1.0s. Severe fatigue detected.
2026-07-30 22:20:35,evt_682_5393,HEAD_POSE_TILT,WARNING,100.0,76.5,682,evidence_HEAD_POSE_TILT_20260730_222035_frame_682.jpg,event_HEAD_POSE_TILT_20260730_222030.mp4,"Driver head tilt/distraction: pitch=-170.8, roll=-2.3, yaw=22.7"
2026-07-30 22:20:39,evt_745_9822,HEAD_POSE_TILT,WARNING,95.4,78.1,745,evidence_HEAD_POSE_TILT_20260730_222039_frame_745.jpg,event_HEAD_POSE_TILT_20260730_222039.mp4,"Driver head tilt/distraction: pitch=-168.0, roll=-6.1, yaw=12.8"
2026-07-30 22:20:42,evt_777_2068,HEAD_POSE_TILT,WARNING,100.0,82.7,777,evidence_HEAD_POSE_TILT_20260730_222042_frame_777.jpg,event_HEAD_POSE_TILT_20260730_222039.mp4,"Driver head tilt/distraction: pitch=-179.8, roll=-1.3, yaw=20.8"
2026-07-30 22:20:44,evt_805_4364,HEAD_POSE_TILT,WARNING,100.0,84.1,805,evidence_HEAD_POSE_TILT_20260730_222044_frame_805.jpg,event_HEAD_POSE_TILT_20260730_222044.mp4,"Driver head tilt/distraction: pitch=176.5, roll=-2.1, yaw=12.8"
2026-07-30 22:20:46,evt_833_6420,HEAD_POSE_TILT,WARNING,88.8,81.6,833,evidence_HEAD_POSE_TILT_20260730_222046_frame_833.jpg,event_HEAD_POSE_TILT_20260730_222044.mp4,"Driver head tilt/distraction: pitch=-176.6, roll=-2.2, yaw=17.3"
2026-07-30 22:20:48,evt_861_8590,HEAD_POSE_TILT,WARNING,84.2,77.9,861,evidence_HEAD_POSE_TILT_20260730_222048_frame_861.jpg,event_HEAD_POSE_TILT_20260730_222044.mp4,"Driver head tilt/distraction: pitch=-173.6, roll=-1.5, yaw=20.4"
2026-07-30 22:20:50,evt_889_774,HEAD_POSE_TILT,WARNING,100.0,74.9,889,evidence_HEAD_POSE_TILT_20260730_222050_frame_889.jpg,event_HEAD_POSE_TILT_20260730_222050.mp4,"Driver head tilt/distraction: pitch=-162.1, roll=-4.5, yaw=9.0"
2026-07-30 22:20:52,evt_917_2775,HEAD_POSE_TILT,WARNING,100.0,75.9,917,evidence_HEAD_POSE_TILT_20260730_222052_frame_917.jpg,event_HEAD_POSE_TILT_20260730_222050.mp4,"Driver head tilt/distraction: pitch=-172.1, roll=-5.7, yaw=23.4"
2026-07-30 22:20:53,evt_921_3193,MICRO_SLEEP,CRITICAL,100.0,77.1,921,evidence_MICRO_SLEEP_20260730_222053_frame_921.jpg,event_HEAD_POSE_TILT_20260730_222050.mp4,Eyes closed for 1.0s. Severe fatigue detected.
2026-07-30 22:20:55,evt_945_5153,HEAD_POSE_TILT,WARNING,98.8,80.0,945,evidence_HEAD_POSE_TILT_20260730_222055_frame_945.jpg,event_HEAD_POSE_TILT_20260730_222050.mp4,"Driver head tilt/distraction: pitch=-166.9, roll=-6.6, yaw=24.6"
2026-07-30 22:20:57,evt_968_7281,PHONE_USAGE,CRITICAL,100.0,83.9,968,evidence_PHONE_USAGE_20260730_222057_frame_968.jpg,event_PHONE_USAGE_20260730_222057.mp4,Driver detected holding cell phone.
2026-07-30 22:20:58,evt_973_8128,HEAD_POSE_TILT,WARNING,100.0,83.6,973,evidence_HEAD_POSE_TILT_20260730_222058_frame_973.jpg,event_PHONE_USAGE_20260730_222057.mp4,"Driver head tilt/distraction: pitch=-165.5, roll=-6.0, yaw=22.5"
2026-07-30 22:21:00,evt_993_815,MICRO_SLEEP,CRITICAL,100.0,85.3,993,evidence_MICRO_SLEEP_20260730_222100_frame_993.jpg,event_PHONE_USAGE_20260730_222057.mp4,Eyes closed for 1.0s. Severe fatigue detected.
2026-07-30 22:21:01,evt_1001_1914,HEAD_POSE_TILT,WARNING,100.0,85.1,1001,evidence_HEAD_POSE_TILT_20260730_222101_frame_1001.jpg,event_PHONE_USAGE_20260730_222057.mp4,"Driver head tilt/distraction: pitch=-165.5, roll=-6.9, yaw=20.7"
2026-07-30 22:21:03,evt_1021_3406,MICRO_SLEEP,CRITICAL,100.0,83.0,1021,evidence_MICRO_SLEEP_20260730_222103_frame_1021.jpg,event_PHONE_USAGE_20260730_222057.mp4,Eyes closed for 2.0s. Severe fatigue detected.
2026-07-30 22:21:04,evt_1029_4421,HEAD_POSE_TILT,WARNING,100.0,80.4,1029,evidence_HEAD_POSE_TILT_20260730_222104_frame_1029.jpg,event_HEAD_POSE_TILT_20260730_222104.mp4,"Driver head tilt/distraction: pitch=-168.5, roll=-7.6, yaw=18.0"
2026-07-30 22:21:06,evt_1057_6245,HEAD_POSE_TILT,WARNING,95.6,77.4,1057,evidence_HEAD_POSE_TILT_20260730_222106_frame_1057.jpg,event_HEAD_POSE_TILT_20260730_222104.mp4,"Driver head tilt/distraction: pitch=-174.1, roll=-3.2, yaw=19.1"
2026-07-30 22:21:08,evt_1085_8099,HEAD_POSE_TILT,WARNING,99.2,75.9,1085,evidence_HEAD_POSE_TILT_20260730_222108_frame_1085.jpg,event_HEAD_POSE_TILT_20260730_222104.mp4,"Driver head tilt/distraction: pitch=-173.8, roll=-3.4, yaw=14.8"
2026-07-30 22:21:10,evt_1113_213,HEAD_POSE_TILT,WARNING,94.0,76.4,1113,evidence_HEAD_POSE_TILT_20260730_222110_frame_1113.jpg,event_HEAD_POSE_TILT_20260730_222110.mp4,"Driver head tilt/distraction: pitch=-173.4, roll=-2.7, yaw=18.5"
2026-07-30 22:21:12,evt_1141_2179,HEAD_POSE_TILT,WARNING,82.8,82.3,1141,evidence_HEAD_POSE_TILT_20260730_222112_frame_1141.jpg,event_HEAD_POSE_TILT_20260730_222110.mp4,"Driver head tilt/distraction: pitch=-173.1, roll=-3.4, yaw=19.6"
2026-07-30 22:21:14,evt_1169_4136,HEAD_POSE_TILT,WARNING,71.6,85.4,1169,evidence_HEAD_POSE_TILT_20260730_222114_frame_1169.jpg,event_HEAD_POSE_TILT_20260730_222110.mp4,"Driver head tilt/distraction: pitch=-173.6, roll=-3.6, yaw=19.7"
2026-07-30 22:21:16,evt_1197_6299,HEAD_POSE_TILT,WARNING,60.4,84.4,1197,evidence_HEAD_POSE_TILT_20260730_222116_frame_1197.jpg,event_HEAD_POSE_TILT_20260730_222116.mp4,"Driver head tilt/distraction: pitch=-176.6, roll=-0.9, yaw=20.7"
2026-07-30 22:21:18,evt_1225_8214,HEAD_POSE_TILT,WARNING,49.2,79.9,1225,evidence_HEAD_POSE_TILT_20260730_222118_frame_1225.jpg,event_HEAD_POSE_TILT_20260730_222116.mp4,"Driver head tilt/distraction: pitch=-178.2, roll=-1.3, yaw=18.6"
2026-07-30 22:21:20,evt_1253_233,HEAD_POSE_TILT,WARNING,55.6,76.3,1253,evidence_HEAD_POSE_TILT_20260730_222120_frame_1253.jpg,event_HEAD_POSE_TILT_20260730_222116.mp4,"Driver head tilt/distraction: pitch=-176.0, roll=-1.3, yaw=19.1"
2026-07-30 22:21:21,evt_1274_1983,MICRO_SLEEP,CRITICAL,93.4,75.2,1274,evidence_MICRO_SLEEP_20260730_222121_frame_1274.jpg,event_MICRO_SLEEP_20260730_222121.mp4,Eyes closed for 1.0s. Severe fatigue detected.
2026-07-30 22:21:22,evt_1281_2809,HEAD_POSE_TILT,WARNING,100.0,75.2,1281,evidence_HEAD_POSE_TILT_20260730_222122_frame_1281.jpg,event_MICRO_SLEEP_20260730_222121.mp4,"Driver head tilt/distraction: pitch=-176.1, roll=-1.2, yaw=18.4"
2026-07-30 22:24:34,evt_55_4278,HEAD_POSE_TILT,WARNING,12.2,84.8,55,evidence_HEAD_POSE_TILT_20260730_222434_frame_55.jpg,event_HEAD_POSE_TILT_20260730_222434.mp4,"Driver head tilt/distraction: pitch=-178.6, roll=-1.6, yaw=9.2"
2026-07-30 22:24:36,evt_83_6691,HEAD_POSE_TILT,WARNING,45.0,81.4,83,evidence_HEAD_POSE_TILT_20260730_222436_frame_83.jpg,event_HEAD_POSE_TILT_20260730_222434.mp4,"Driver head tilt/distraction: pitch=-177.7, roll=-1.5, yaw=11.7"
2026-07-30 22:24:39,evt_111_9140,HEAD_POSE_TILT,WARNING,88.8,76.8,111,evidence_HEAD_POSE_TILT_20260730_222439_frame_111.jpg,event_HEAD_POSE_TILT_20260730_222434.mp4,"Driver head tilt/distraction: pitch=-177.9, roll=-0.7, yaw=9.1"
2026-07-30 22:24:39,evt_114_9764,MICRO_SLEEP,CRITICAL,94.2,76.8,114,evidence_MICRO_SLEEP_20260730_222439_frame_114.jpg,event_MICRO_SLEEP_20260730_222439.mp4,Eyes closed for 1.0s. Severe fatigue detected.
2026-07-30 22:24:42,evt_139_2209,HEAD_POSE_TILT,WARNING,96.8,74.3,139,evidence_HEAD_POSE_TILT_20260730_222442_frame_139.jpg,event_MICRO_SLEEP_20260730_222439.mp4,"Driver head tilt/distraction: pitch=-177.9, roll=-1.3, yaw=12.8"
2026-07-30 22:24:44,evt_167_4391,HEAD_POSE_TILT,WARNING,100.0,77.3,167,evidence_HEAD_POSE_TILT_20260730_222444_frame_167.jpg,event_MICRO_SLEEP_20260730_222439.mp4,"Driver head tilt/distraction: pitch=-148.5, roll=0.9, yaw=0.9"
2026-07-30 22:24:46,evt_195_6709,HEAD_POSE_TILT,WARNING,96.8,81.4,195,evidence_HEAD_POSE_TILT_20260730_222446_frame_195.jpg,event_HEAD_POSE_TILT_20260730_222446.mp4,"Driver head tilt/distraction: pitch=-159.3, roll=0.4, yaw=8.6"
2026-07-30 22:24:48,evt_223_8831,HEAD_POSE_TILT,WARNING,100.0,85.1,223,evidence_HEAD_POSE_TILT_20260730_222448_frame_223.jpg,event_HEAD_POSE_TILT_20260730_222446.mp4,"Driver head tilt/distraction: pitch=-179.6, roll=-0.8, yaw=1.2"
2026-07-30 22:24:49,evt_231_9585,MICRO_SLEEP,CRITICAL,100.0,85.3,231,evidence_MICRO_SLEEP_20260730_222449_frame_231.jpg,event_HEAD_POSE_TILT_20260730_222446.mp4,Eyes closed for 1.0s. Severe fatigue detected.
2026-07-30 22:24:51,evt_251_1438,HEAD_POSE_TILT,WARNING,96.4,83.7,251,evidence_HEAD_POSE_TILT_20260730_222451_frame_251.jpg,event_HEAD_POSE_TILT_20260730_222446.mp4,"Driver head tilt/distraction: pitch=-176.6, roll=-1.1, yaw=13.2"
2026-07-30 22:24:53,evt_279_3688,HEAD_POSE_TILT,WARNING,91.8,81.3,279,evidence_HEAD_POSE_TILT_20260730_222453_frame_279.jpg,event_HEAD_POSE_TILT_20260730_222453.mp4,"Driver head tilt/distraction: pitch=-174.5, roll=-2.1, yaw=16.1"
2026-07-30 22:24:55,evt_307_5714,HEAD_POSE_TILT,WARNING,80.6,77.2,307,evidence_HEAD_POSE_TILT_20260730_222455_frame_307.jpg,event_HEAD_POSE_TILT_20260730_222453.mp4,"Driver head tilt/distraction: pitch=-166.4, roll=-1.1, yaw=18.2"
2026-07-30 22:24:57,evt_335_7768,HEAD_POSE_TILT,WARNING,76.0,74.3,335,evidence_HEAD_POSE_TILT_20260730_222457_frame_335.jpg,event_HEAD_POSE_TILT_20260730_222453.mp4,"Driver head tilt/distraction: pitch=-151.1, roll=173.0, yaw=9.7"
2026-07-30 22:24:59,evt_363_9900,HEAD_POSE_TILT,WARNING,69.2,78.4,363,evidence_HEAD_POSE_TILT_20260730_222459_frame_363.jpg,event_HEAD_POSE_TILT_20260730_222459.mp4,"Driver head tilt/distraction: pitch=-138.1, roll=175.2, yaw=10.2"
2026-07-30 22:25:01,evt_392_1937,HEAD_POSE_TILT,WARNING,77.8,81.5,392,evidence_HEAD_POSE_TILT_20260730_222501_frame_392.jpg,event_HEAD_POSE_TILT_20260730_222459.mp4,"Driver head tilt/distraction: pitch=178.0, roll=162.9, yaw=0.7"
2026-07-30 22:25:04,evt_420_4182,HEAD_POSE_TILT,WARNING,93.0,85.2,420,evidence_HEAD_POSE_TILT_20260730_222504_frame_420.jpg,event_HEAD_POSE_TILT_20260730_222503.mp4,"Driver head tilt/distraction: pitch=-151.4, roll=173.4, yaw=3.4"
2026-07-30 22:25:06,evt_449_6285,HEAD_POSE_TILT,WARNING,99.2,83.5,449,evidence_HEAD_POSE_TILT_20260730_222506_frame_449.jpg,event_HEAD_POSE_TILT_20260730_222503.mp4,"Driver head tilt/distraction: pitch=-162.1, roll=17.2, yaw=2.5"
2026-07-30 22:25:09,evt_485_9309,HEAD_POSE_TILT,WARNING,97.6,78.6,485,evidence_HEAD_POSE_TILT_20260730_222509_frame_485.jpg,event_HEAD_POSE_TILT_20260730_222509.mp4,"Driver head tilt/distraction: pitch=-158.1, roll=-13.0, yaw=11.8"
2026-07-30 22:25:11,evt_514_1795,HEAD_POSE_TILT,WARNING,95.2,75.7,514,evidence_HEAD_POSE_TILT_20260730_222511_frame_514.jpg,event_HEAD_POSE_TILT_20260730_222509.mp4,"Driver head tilt/distraction: pitch=178.9, roll=-2.4, yaw=3.0"
2026-07-30 22:25:14,evt_542_4629,HEAD_POSE_TILT,WARNING,94.8,76.3,542,evidence_HEAD_POSE_TILT_20260730_222514_frame_542.jpg,event_HEAD_POSE_TILT_20260730_222514.mp4,"Driver head tilt/distraction: pitch=-179.4, roll=-1.4, yaw=14.8"
2026-07-30 22:25:17,evt_570_7040,HEAD_POSE_TILT,WARNING,83.6,80.7,570,evidence_HEAD_POSE_TILT_20260730_222517_frame_570.jpg,event_HEAD_POSE_TILT_20260730_222514.mp4,"Driver head tilt/distraction: pitch=-155.3, roll=0.0, yaw=10.7"
2026-07-30 22:25:19,evt_598_9266,HEAD_POSE_TILT,WARNING,72.4,85.1,598,evidence_HEAD_POSE_TILT_20260730_222519_frame_598.jpg,event_HEAD_POSE_TILT_20260730_222514.mp4,"Driver head tilt/distraction: pitch=-159.8, roll=1.2, yaw=11.3"
2026-07-30 22:25:21,evt_626_1656,HEAD_POSE_TILT,WARNING,61.2,84.0,626,evidence_HEAD_POSE_TILT_20260730_222521_frame_626.jpg,event_HEAD_POSE_TILT_20260730_222521.mp4,"Driver head tilt/distraction: pitch=-145.0, roll=-179.9, yaw=17.5"
2026-07-30 22:25:23,evt_654_3875,HEAD_POSE_TILT,WARNING,87.4,80.9,654,evidence_HEAD_POSE_TILT_20260730_222523_frame_654.jpg,event_HEAD_POSE_TILT_20260730_222521.mp4,"Driver head tilt/distraction: pitch=-166.0, roll=-2.1, yaw=18.0"
2026-07-30 22:25:24,evt_665_4830,MICRO_SLEEP,CRITICAL,100.0,79.7,665,evidence_MICRO_SLEEP_20260730_222524_frame_665.jpg,event_HEAD_POSE_TILT_20260730_222521.mp4,Eyes closed for 1.0s. Severe fatigue detected.
2026-07-30 22:25:26,evt_682_6426,HEAD_POSE_TILT,WARNING,100.0,76.5,682,evidence_HEAD_POSE_TILT_20260730_222526_frame_682.jpg,event_HEAD_POSE_TILT_20260730_222521.mp4,"Driver head tilt/distraction: pitch=-170.8, roll=-2.3, yaw=22.7"
2026-07-30 22:25:31,evt_745_1164,HEAD_POSE_TILT,WARNING,95.4,78.8,745,evidence_HEAD_POSE_TILT_20260730_222531_frame_745.jpg,event_HEAD_POSE_TILT_20260730_222530.mp4,"Driver head tilt/distraction: pitch=-168.0, roll=-6.1, yaw=12.8"
2026-07-30 22:25:33,evt_777_3609,HEAD_POSE_TILT,WARNING,100.0,82.9,777,evidence_HEAD_POSE_TILT_20260730_222533_frame_777.jpg,event_HEAD_POSE_TILT_20260730_222530.mp4,"Driver head tilt/distraction: pitch=-179.8, roll=-1.3, yaw=20.8"
2026-07-30 22:25:36,evt_805_6042,HEAD_POSE_TILT,WARNING,100.0,85.0,805,evidence_HEAD_POSE_TILT_20260730_222536_frame_805.jpg,event_HEAD_POSE_TILT_20260730_222535.mp4,"Driver head tilt/distraction: pitch=176.5, roll=-2.1, yaw=12.8"
2026-07-30 22:25:38,evt_833_8226,HEAD_POSE_TILT,WARNING,88.8,81.8,833,evidence_HEAD_POSE_TILT_20260730_222538_frame_833.jpg,event_HEAD_POSE_TILT_20260730_222535.mp4,"Driver head tilt/distraction: pitch=-176.6, roll=-2.2, yaw=17.3"
2026-07-30 22:25:40,evt_861_420,HEAD_POSE_TILT,WARNING,84.2,78.5,861,evidence_HEAD_POSE_TILT_20260730_222540_frame_861.jpg,event_HEAD_POSE_TILT_20260730_222535.mp4,"Driver head tilt/distraction: pitch=-173.6, roll=-1.5, yaw=20.4"
2026-07-30 22:25:42,evt_889_2697,HEAD_POSE_TILT,WARNING,100.0,76.0,889,evidence_HEAD_POSE_TILT_20260730_222542_frame_889.jpg,event_HEAD_POSE_TILT_20260730_222542.mp4,"Driver head tilt/distraction: pitch=-162.1, roll=-4.5, yaw=9.0"
2026-07-30 22:25:44,evt_917_4863,HEAD_POSE_TILT,WARNING,100.0,76.4,917,evidence_HEAD_POSE_TILT_20260730_222544_frame_917.jpg,event_HEAD_POSE_TILT_20260730_222542.mp4,"Driver head tilt/distraction: pitch=-172.1, roll=-5.7, yaw=23.4"
2026-07-30 22:25:45,evt_921_5323,MICRO_SLEEP,CRITICAL,100.0,76.0,921,evidence_MICRO_SLEEP_20260730_222545_frame_921.jpg,event_HEAD_POSE_TILT_20260730_222542.mp4,Eyes closed for 1.0s. Severe fatigue detected.
2026-07-30 22:25:47,evt_945_7401,HEAD_POSE_TILT,WARNING,98.8,81.2,945,evidence_HEAD_POSE_TILT_20260730_222547_frame_945.jpg,event_HEAD_POSE_TILT_20260730_222542.mp4,"Driver head tilt/distraction: pitch=-166.9, roll=-6.6, yaw=24.6"
2026-07-30 22:25:49,evt_968_9333,PHONE_USAGE,CRITICAL,100.0,84.7,968,evidence_PHONE_USAGE_20260730_222549_frame_968.jpg,event_PHONE_USAGE_20260730_222549.mp4,Driver detected holding cell phone.
2026-07-30 22:25:50,evt_973_72,HEAD_POSE_TILT,WARNING,100.0,84.8,973,evidence_HEAD_POSE_TILT_20260730_222550_frame_973.jpg,event_PHONE_USAGE_20260730_222549.mp4,"Driver head tilt/distraction: pitch=-165.5, roll=-6.0, yaw=22.5"
2026-07-30 22:25:51,evt_993_1668,MICRO_SLEEP,CRITICAL,100.0,84.3,993,evidence_MICRO_SLEEP_20260730_222551_frame_993.jpg,event_PHONE_USAGE_20260730_222549.mp4,Eyes closed for 1.0s. Severe fatigue detected.
2026-07-30 22:25:52,evt_1001_2596,HEAD_POSE_TILT,WARNING,100.0,84.7,1001,evidence_HEAD_POSE_TILT_20260730_222552_frame_1001.jpg,event_PHONE_USAGE_20260730_222549.mp4,"Driver head tilt/distraction: pitch=-165.5, roll=-6.9, yaw=20.7"
2026-07-30 22:25:54,evt_1021_4329,MICRO_SLEEP,CRITICAL,100.0,82.1,1021,evidence_MICRO_SLEEP_20260730_222554_frame_1021.jpg,event_PHONE_USAGE_20260730_222549.mp4,Eyes closed for 2.0s. Severe fatigue detected.
2026-07-30 22:25:55,evt_1029_5550,HEAD_POSE_TILT,WARNING,100.0,82.3,1029,evidence_HEAD_POSE_TILT_20260730_222555_frame_1029.jpg,event_HEAD_POSE_TILT_20260730_222555.mp4,"Driver head tilt/distraction: pitch=-168.5, roll=-7.6, yaw=18.0"
2026-07-30 22:25:57,evt_1057_7960,HEAD_POSE_TILT,WARNING,95.6,76.1,1057,evidence_HEAD_POSE_TILT_20260730_222557_frame_1057.jpg,event_HEAD_POSE_TILT_20260730_222555.mp4,"Driver head tilt/distraction: pitch=-174.1, roll=-3.2, yaw=19.1"
2026-07-30 22:26:00,evt_1085_264,HEAD_POSE_TILT,WARNING,99.2,75.2,1085,evidence_HEAD_POSE_TILT_20260730_222600_frame_1085.jpg,event_HEAD_POSE_TILT_20260730_222555.mp4,"Driver head tilt/distraction: pitch=-173.8, roll=-3.4, yaw=14.8"
2026-07-30 22:26:02,evt_1113_2768,HEAD_POSE_TILT,WARNING,94.0,76.2,1113,evidence_HEAD_POSE_TILT_20260730_222602_frame_1113.jpg,event_HEAD_POSE_TILT_20260730_222602.mp4,"Driver head tilt/distraction: pitch=-173.4, roll=-2.7, yaw=18.5"
2026-07-30 22:26:05,evt_1141_5118,HEAD_POSE_TILT,WARNING,82.8,81.6,1141,evidence_HEAD_POSE_TILT_20260730_222605_frame_1141.jpg,event_HEAD_POSE_TILT_20260730_222602.mp4,"Driver head tilt/distraction: pitch=-173.1, roll=-3.4, yaw=19.6"
2026-07-30 22:26:07,evt_1169_7496,HEAD_POSE_TILT,WARNING,71.6,85.1,1169,evidence_HEAD_POSE_TILT_20260730_222607_frame_1169.jpg,event_HEAD_POSE_TILT_20260730_222602.mp4,"Driver head tilt/distraction: pitch=-173.6, roll=-3.6, yaw=19.7"
2026-07-30 22:26:10,evt_1197_81,HEAD_POSE_TILT,WARNING,60.4,84.0,1197,evidence_HEAD_POSE_TILT_20260730_222610_frame_1197.jpg,event_HEAD_POSE_TILT_20260730_222609.mp4,"Driver head tilt/distraction: pitch=-176.6, roll=-0.9, yaw=20.7"
2026-07-30 22:26:12,evt_1225_2413,HEAD_POSE_TILT,WARNING,49.2,80.7,1225,evidence_HEAD_POSE_TILT_20260730_222612_frame_1225.jpg,event_HEAD_POSE_TILT_20260730_222609.mp4,"Driver head tilt/distraction: pitch=-178.2, roll=-1.3, yaw=18.6"
2026-07-30 22:26:14,evt_1253_4705,HEAD_POSE_TILT,WARNING,55.6,76.2,1253,evidence_HEAD_POSE_TILT_20260730_222614_frame_1253.jpg,event_HEAD_POSE_TILT_20260730_222609.mp4,"Driver head tilt/distraction: pitch=-176.0, roll=-1.3, yaw=19.1"
2026-07-30 22:26:16,evt_1274_6715,MICRO_SLEEP,CRITICAL,93.4,75.0,1274,evidence_MICRO_SLEEP_20260730_222616_frame_1274.jpg,event_MICRO_SLEEP_20260730_222616.mp4,Eyes closed for 1.0s. Severe fatigue detected.
2026-07-30 22:26:17,evt_1281_7619,HEAD_POSE_TILT,WARNING,100.0,75.2,1281,evidence_HEAD_POSE_TILT_20260730_222617_frame_1281.jpg,event_MICRO_SLEEP_20260730_222616.mp4,"Driver head tilt/distraction: pitch=-176.1, roll=-1.2, yaw=18.4"
