Timestamp,Location_ID,Detected_Condition,Confidence_Score,Risk_Score,Alert_Triggered
2026-09-01 20:10:39,task_1_scene0000,Entering Vehicle,0.5125,0.205,NO
2026-09-01 20:10:39,task_1_scene0000,Entering Vehicle,0.5847,0.234,NO
2026-09-01 20:10:39,task_1_scene0000,Entering Vehicle,0.5158,0.206,NO
2026-09-01 20:10:39,task_1_scene0000,Entering Vehicle,0.5597,0.224,NO
2026-09-01 20:10:39,task_1_scene0000,Entering Vehicle,0.5201,0.208,NO
2026-09-01 20:10:39,task_1_scene0000,Entering Vehicle,0.5594,0.224,NO
2026-09-01 20:10:39,task_1_scene0000,Entering Vehicle,0.5156,0.206,NO
2026-09-01 20:10:39,task_1_scene0000,Entering Vehicle,0.5795,0.232,NO
2026-09-01 20:10:39,task_1_scene0000,Entering Vehicle,0.5701,0.228,NO
2026-09-01 20:10:39,task_1_scene0000,Entering Vehicle,0.5256,0.21,NO
2026-09-01 20:10:39,task_1_scene0000,Entering Vehicle,0.5151,0.206,NO
2026-09-01 20:10:39,task_1_scene0000,Entering Vehicle,0.5142,0.206,NO
2026-09-01 20:10:39,task_1_scene0000,Entering Vehicle,0.4845,0.194,NO
2026-09-01 20:10:39,task_1_scene0000,Entering Vehicle,0.5626,0.225,NO
2026-09-01 20:10:39,task_1_scene0000,Entering Vehicle,0.5171,0.207,NO
2026-09-01 20:10:39,task_1_scene0000,Entering Vehicle,0.5704,0.228,NO
2026-09-01 20:10:40,task_1_scene0000,Entering Vehicle,0.485,0.194,NO
2026-09-01 20:10:40,task_1_scene0000,Entering Vehicle,0.5734,0.229,NO
2026-09-01 20:10:40,task_1_scene0000,Entering Vehicle,0.5582,0.223,NO
2026-09-01 20:10:40,task_1_scene0000,Entering Vehicle,0.5121,0.205,NO
2026-09-01 20:10:40,task_1_scene0000,Entering Vehicle,0.5265,0.211,NO
2026-09-01 20:10:40,task_1_scene0000,Entering Vehicle,0.5672,0.227,NO
2026-09-01 20:10:40,task_1_scene0000,Entering Vehicle,0.5555,0.222,NO
2026-09-01 20:10:40,task_1_scene0000,Entering Vehicle,0.565,0.226,NO
2026-09-01 20:10:40,task_1_scene0000,Entering Vehicle,0.4949,0.198,NO
2026-09-01 20:10:40,task_1_scene0000,Entering Vehicle,0.5267,0.211,NO
2026-09-01 20:10:40,task_1_scene0000,Entering Vehicle,0.5231,0.209,NO
2026-09-01 20:10:40,task_1_scene0000,Entering Vehicle,0.4989,0.2,NO
2026-09-01 20:10:40,task_1_scene0000,Entering Vehicle,0.4942,0.198,NO
2026-09-01 20:10:40,task_1_scene0000,Entering Vehicle,0.5198,0.208,NO
2026-09-01 20:10:40,task_1_scene0000,Entering Vehicle,0.5666,0.227,NO
2026-09-01 20:10:40,task_1_scene0000,Entering Vehicle,0.5821,0.233,NO
2026-09-01 20:10:41,task_1_scene0000,Entering Vehicle,0.5131,0.205,NO
2026-09-01 20:10:41,task_1_scene0000,Entering Vehicle,0.5193,0.208,NO
2026-09-01 20:10:41,task_1_scene0000,Entering Vehicle,0.5681,0.227,NO
2026-09-01 20:10:41,task_1_scene0000,Entering Vehicle,0.5222,0.209,NO
2026-09-01 20:10:41,task_1_scene0000,Entering Vehicle,0.5845,0.234,NO
2026-09-01 20:10:41,task_1_scene0000,Entering Vehicle,0.5339,0.214,NO
2026-09-01 20:10:41,task_1_scene0000,Entering Vehicle,0.5121,0.205,NO
2026-09-01 20:10:41,task_1_scene0000,Entering Vehicle,0.578,0.231,NO
2026-09-01 20:10:41,task_1_scene0000,Entering Vehicle,0.5557,0.222,NO
2026-09-01 20:10:41,task_1_scene0000,Entering Vehicle,0.5221,0.209,NO
2026-09-01 20:10:41,task_1_scene0000,Entering Vehicle,0.523,0.209,NO
2026-09-01 20:10:41,task_1_scene0000,Entering Vehicle,0.5035,0.201,NO
2026-09-01 20:10:41,task_1_scene0000,Entering Vehicle,0.502,0.201,NO
2026-09-01 20:10:41,task_1_scene0000,Entering Vehicle,0.5161,0.206,NO
2026-09-01 20:10:41,task_1_scene0000,Entering Vehicle,0.5319,0.213,NO
2026-09-01 20:10:41,task_1_scene0000,Entering Vehicle,0.4936,0.197,NO
2026-09-01 20:10:41,task_1_scene0000,Entering Vehicle,0.521,0.208,NO
2026-09-01 20:10:41,task_1_scene0000,Entering Vehicle,0.562,0.225,NO
2026-09-01 20:10:41,task_1_scene0000,Entering Vehicle,0.4801,0.192,NO
2026-09-01 20:10:41,task_1_scene0000,Entering Vehicle,0.5878,0.235,NO
2026-09-01 20:10:41,task_1_scene0000,Entering Vehicle,0.5072,0.203,NO
2026-09-01 20:10:41,task_1_scene0000,Entering Vehicle,0.5784,0.231,NO
2026-09-01 20:10:41,task_1_scene0000,Entering Vehicle,0.5779,0.231,NO
2026-09-01 20:10:41,task_1_scene0000,Entering Vehicle,0.5246,0.21,NO
2026-09-01 20:10:41,task_1_scene0000,Entering Vehicle,0.5172,0.207,NO
2026-09-01 20:10:41,task_1_scene0000,Entering Vehicle,0.5495,0.22,NO
2026-09-01 20:10:41,task_1_scene0000,Entering Vehicle,0.4901,0.196,NO
2026-09-01 20:10:41,task_1_scene0000,Entering Vehicle,0.5202,0.208,NO
2026-09-01 20:10:41,task_1_scene0000,Entering Vehicle,0.5031,0.201,NO
2026-09-01 20:10:41,task_1_scene0000,Entering Vehicle,0.5161,0.206,NO
2026-09-01 20:10:41,task_1_scene0000,Entering Vehicle,0.5715,0.229,NO
2026-09-01 20:10:41,task_1_scene0000,Entering Vehicle,0.5741,0.23,NO
2026-09-01 20:10:42,task_1_scene0000,Entering Vehicle,0.572,0.229,NO
2026-09-01 20:10:42,task_1_scene0000,Entering Vehicle,0.5388,0.216,NO
2026-09-01 20:10:42,task_1_scene0000,Entering Vehicle,0.5186,0.207,NO
2026-09-01 20:10:42,task_1_scene0000,Entering Vehicle,0.5268,0.211,NO
2026-09-01 20:10:42,task_1_scene0000,Entering Vehicle,0.5524,0.221,NO
2026-09-01 20:10:42,task_1_scene0000,Entering Vehicle,0.5086,0.203,NO
2026-09-01 20:10:42,task_1_scene0000,Entering Vehicle,0.5222,0.209,NO
2026-09-01 20:10:42,task_1_scene0000,Entering Vehicle,0.5524,0.221,NO
2026-09-01 20:10:42,task_1_scene0000,Entering Vehicle,0.5179,0.207,NO
2026-09-01 20:10:42,task_1_scene0000,Entering Vehicle,0.5804,0.232,NO
2026-09-01 20:10:42,task_1_scene0000,Entering Vehicle,0.5049,0.202,NO
2026-09-01 20:10:42,task_1_scene0000,Entering Vehicle,0.579,0.232,NO
2026-09-01 20:10:42,task_1_scene0000,Entering Vehicle,0.5004,0.2,NO
2026-09-01 20:10:42,task_1_scene0000,Entering Vehicle,0.5175,0.207,NO
2026-09-01 20:10:42,task_1_scene0000,Entering Vehicle,0.4966,0.199,NO
2026-09-01 20:10:42,task_1_scene0000,Entering Vehicle,0.5845,0.234,NO
2026-09-01 20:10:42,task_1_scene0000,Entering Vehicle,0.531,0.212,NO
2026-09-01 20:10:42,task_1_scene0000,Entering Vehicle,0.5255,0.21,NO
2026-09-01 20:10:42,task_1_scene0000,Entering Vehicle,0.4944,0.198,NO
2026-09-01 20:10:42,task_1_scene0000,Entering Vehicle,0.5145,0.206,NO
2026-09-01 20:10:42,task_1_scene0000,Entering Vehicle,0.5451,0.218,NO
2026-09-01 20:10:42,task_1_scene0000,Entering Vehicle,0.5627,0.225,NO
2026-09-01 20:10:42,task_1_scene0000,Entering Vehicle,0.5195,0.208,NO
2026-09-01 20:10:42,task_1_scene0000,Entering Vehicle,0.5198,0.208,NO
2026-09-01 20:10:42,task_1_scene0000,Entering Vehicle,0.5236,0.209,NO
2026-09-01 20:10:42,task_1_scene0000,Entering Vehicle,0.5331,0.213,NO
2026-09-01 20:10:42,task_1_scene0000,Entering Vehicle,0.5116,0.205,NO
2026-09-01 20:10:42,task_1_scene0000,Entering Vehicle,0.5501,0.22,NO
2026-09-01 20:10:42,task_1_scene0000,Entering Vehicle,0.5071,0.203,NO
2026-09-01 20:10:42,task_1_scene0000,Entering Vehicle,0.5712,0.228,NO
2026-09-01 20:10:42,task_1_scene0000,Entering Vehicle,0.5299,0.212,NO
2026-09-01 20:10:42,task_1_scene0000,Entering Vehicle,0.5064,0.203,NO
2026-09-01 20:10:43,task_1_scene0000,Entering Vehicle,0.5052,0.202,NO
2026-09-01 20:10:43,task_1_scene0000,Entering Vehicle,0.5584,0.223,NO
2026-09-01 20:10:43,task_1_scene0000,Entering Vehicle,0.5699,0.228,NO
2026-09-01 20:10:43,task_1_scene0000,Entering Vehicle,0.5207,0.208,NO
2026-09-01 20:10:43,task_1_scene0000,Entering Vehicle,0.5078,0.203,NO
2026-09-01 20:10:43,task_1_scene0000,Entering Vehicle,0.5803,0.232,NO
2026-09-01 20:10:43,task_1_scene0000,Entering Vehicle,0.5615,0.225,NO
2026-09-01 20:10:43,task_1_scene0000,Entering Vehicle,0.4946,0.198,NO
2026-09-01 20:10:43,task_1_scene0000,Entering Vehicle,0.5758,0.23,NO
2026-09-01 20:10:43,task_1_scene0000,Entering Vehicle,0.4958,0.198,NO
2026-09-01 20:10:43,task_1_scene0000,Entering Vehicle,0.5738,0.23,NO
2026-09-01 20:10:43,task_1_scene0000,Entering Vehicle,0.5958,0.238,NO
2026-09-01 20:10:43,task_1_scene0000,Entering Vehicle,0.5678,0.227,NO
2026-09-01 20:10:43,task_1_scene0000,Entering Vehicle,0.511,0.204,NO
2026-09-01 20:10:43,task_1_scene0000,Entering Vehicle,0.4907,0.196,NO
2026-09-01 20:10:43,task_1_scene0000,Entering Vehicle,0.4803,0.192,NO
2026-09-01 20:10:43,task_1_scene0000,Entering Vehicle,0.5692,0.228,NO
2026-09-01 20:10:43,task_1_scene0000,Entering Vehicle,0.5133,0.205,NO
2026-09-01 20:10:43,task_1_scene0000,Entering Vehicle,0.5135,0.205,NO
2026-09-01 20:10:43,task_1_scene0000,Entering Vehicle,0.5105,0.204,NO
2026-09-01 20:10:43,task_1_scene0000,Entering Vehicle,0.5094,0.204,NO
2026-09-01 20:10:43,task_1_scene0000,Entering Vehicle,0.5337,0.213,NO
2026-09-01 20:10:43,task_1_scene0000,Entering Vehicle,0.5448,0.218,NO
2026-09-01 20:10:43,task_1_scene0000,Entering Vehicle,0.5357,0.214,NO
2026-09-01 20:10:43,task_1_scene0000,Entering Vehicle,0.5654,0.226,NO
2026-09-01 20:10:43,task_1_scene0000,Entering Vehicle,0.5162,0.206,NO
2026-09-01 20:10:43,task_1_scene0000,Entering Vehicle,0.5772,0.231,NO
2026-09-01 20:10:43,task_1_scene0000,Entering Vehicle,0.4883,0.195,NO
2026-09-01 20:10:43,task_1_scene0000,Entering Vehicle,0.5721,0.229,NO
2026-09-01 20:10:43,task_1_scene0000,Entering Vehicle,0.5149,0.206,NO
2026-09-01 20:10:43,task_1_scene0000,Entering Vehicle,0.4993,0.2,NO
2026-09-01 20:10:43,task_1_scene0000,Entering Vehicle,0.5181,0.207,NO
2026-09-01 20:10:44,task_1_scene0000,Entering Vehicle,0.5707,0.228,NO
2026-09-01 20:10:44,task_1_scene0000,Entering Vehicle,0.5124,0.205,NO
2026-09-01 20:10:44,task_1_scene0000,Entering Vehicle,0.5348,0.214,NO
2026-09-01 20:10:44,task_1_scene0000,Entering Vehicle,0.5727,0.229,NO
2026-09-01 20:10:44,task_1_scene0000,Entering Vehicle,0.5634,0.225,NO
2026-09-01 20:10:44,task_1_scene0000,Entering Vehicle,0.5117,0.205,NO
2026-09-01 20:10:44,task_1_scene0000,Entering Vehicle,0.5811,0.232,NO
2026-09-01 20:10:44,task_1_scene0000,Entering Vehicle,0.5017,0.201,NO
2026-09-01 20:10:44,task_1_scene0000,Entering Vehicle,0.5227,0.209,NO
2026-09-01 20:10:44,task_1_scene0000,Entering Vehicle,0.5244,0.21,NO
2026-09-01 20:10:44,task_1_scene0000,Entering Vehicle,0.5728,0.229,NO
2026-09-01 20:10:44,task_1_scene0000,Entering Vehicle,0.5036,0.201,NO
2026-09-01 20:10:44,task_1_scene0000,Entering Vehicle,0.5226,0.209,NO
2026-09-01 20:10:44,task_1_scene0000,Entering Vehicle,0.5763,0.231,NO
2026-09-01 20:10:44,task_1_scene0000,Entering Vehicle,0.5174,0.207,NO
2026-09-01 20:10:44,task_1_scene0000,Entering Vehicle,0.5673,0.227,NO
2026-09-01 20:10:44,task_1_scene0000,Entering Vehicle,0.5348,0.214,NO
2026-09-01 20:10:44,task_1_scene0000,Entering Vehicle,0.5232,0.209,NO
2026-09-01 20:10:44,task_1_scene0000,Entering Vehicle,0.5228,0.209,NO
2026-09-01 20:10:44,task_1_scene0000,Entering Vehicle,0.5747,0.23,NO
2026-09-01 20:10:44,task_1_scene0000,Entering Vehicle,0.5775,0.231,NO
2026-09-01 20:10:44,task_1_scene0000,Entering Vehicle,0.5762,0.23,NO
2026-09-01 20:10:44,task_1_scene0000,Entering Vehicle,0.506,0.202,NO
2026-09-01 20:10:44,task_1_scene0000,Entering Vehicle,0.5153,0.206,NO
2026-09-01 20:10:44,task_1_scene0000,Entering Vehicle,0.5722,0.229,NO
2026-09-01 20:10:44,task_1_scene0000,Entering Vehicle,0.5078,0.203,NO
2026-09-01 20:10:44,task_1_scene0000,Entering Vehicle,0.5138,0.206,NO
2026-09-01 20:10:44,task_1_scene0000,Entering Vehicle,0.4929,0.197,NO
2026-09-01 20:10:44,task_1_scene0000,Entering Vehicle,0.5184,0.207,NO
2026-09-01 20:10:44,task_1_scene0000,Entering Vehicle,0.5626,0.225,NO
2026-09-01 20:10:44,task_1_scene0000,Entering Vehicle,0.5365,0.215,NO
2026-09-01 20:10:44,task_1_scene0000,Entering Vehicle,0.5093,0.204,NO
2026-09-01 20:10:45,task_1_scene0000,Entering Vehicle,0.5074,0.203,NO
2026-09-01 20:10:45,task_1_scene0000,Entering Vehicle,0.5465,0.219,NO
2026-09-01 20:10:45,task_1_scene0000,Entering Vehicle,0.523,0.209,NO
2026-09-01 20:10:45,task_1_scene0000,Entering Vehicle,0.5292,0.212,NO
2026-09-01 20:10:45,task_1_scene0000,Entering Vehicle,0.5992,0.24,NO
2026-09-01 20:10:45,task_1_scene0000,Entering Vehicle,0.626,0.25,NO
2026-09-01 20:10:45,task_1_scene0000,Entering Vehicle,0.5699,0.228,NO
2026-09-01 20:10:45,task_1_scene0000,Entering Vehicle,0.5666,0.227,NO
2026-09-01 20:10:45,task_1_scene0000,Entering Vehicle,0.5145,0.206,NO
2026-09-01 20:10:45,task_1_scene0000,Entering Vehicle,0.5218,0.209,NO
2026-09-01 20:10:45,task_1_scene0000,Entering Vehicle,0.5732,0.229,NO
2026-09-01 20:10:45,task_1_scene0000,Entering Vehicle,0.5194,0.208,NO
2026-09-01 20:10:45,task_1_scene0000,Entering Vehicle,0.5126,0.205,NO
2026-09-01 20:10:45,task_1_scene0000,Entering Vehicle,0.5019,0.201,NO
2026-09-01 20:10:45,task_1_scene0000,Entering Vehicle,0.5114,0.205,NO
2026-09-01 20:10:45,task_1_scene0000,Entering Vehicle,0.5138,0.206,NO
2026-09-01 20:10:45,task_1_scene0000,Entering Vehicle,0.5855,0.234,NO
2026-09-01 20:10:45,task_1_scene0000,Entering Vehicle,0.5028,0.201,NO
2026-09-01 20:10:45,task_1_scene0000,Entering Vehicle,0.486,0.194,NO
2026-09-01 20:10:45,task_1_scene0000,Entering Vehicle,0.5923,0.237,NO
2026-09-01 20:10:45,task_1_scene0000,Entering Vehicle,0.5244,0.21,NO
2026-09-01 20:10:45,task_1_scene0000,Entering Vehicle,0.5698,0.228,NO
2026-09-01 20:10:45,task_1_scene0000,Entering Vehicle,0.4907,0.196,NO
2026-09-01 20:10:45,task_1_scene0000,Entering Vehicle,0.5814,0.233,NO
2026-09-01 20:10:45,task_1_scene0000,Entering Vehicle,0.5155,0.206,NO
2026-09-01 20:10:45,task_1_scene0000,Entering Vehicle,0.5236,0.209,NO
2026-09-01 20:10:45,task_1_scene0000,Entering Vehicle,0.5917,0.237,NO
2026-09-01 20:10:45,task_1_scene0000,Entering Vehicle,0.5114,0.205,NO
2026-09-01 20:10:45,task_1_scene0000,Entering Vehicle,0.4904,0.196,NO
2026-09-01 20:10:45,task_1_scene0000,Entering Vehicle,0.528,0.211,NO
2026-09-01 20:10:45,task_1_scene0000,Entering Vehicle,0.4906,0.196,NO
2026-09-01 20:10:45,task_1_scene0000,Entering Vehicle,0.5187,0.207,NO
2026-09-01 20:10:46,task_1_scene0000,Entering Vehicle,0.5517,0.221,NO
2026-09-01 20:10:46,task_1_scene0000,Entering Vehicle,0.542,0.217,NO
2026-09-01 20:10:46,task_1_scene0000,Entering Vehicle,0.5238,0.21,NO
2026-09-01 20:10:46,task_1_scene0000,Entering Vehicle,0.5238,0.21,NO
2026-09-01 20:10:46,task_1_scene0000,Entering Vehicle,0.522,0.209,NO
2026-09-01 20:10:46,task_1_scene0000,Entering Vehicle,0.5738,0.23,NO
2026-09-01 20:10:46,task_1_scene0000,Entering Vehicle,0.5775,0.231,NO
2026-09-01 20:10:46,task_1_scene0000,Entering Vehicle,0.5184,0.207,NO
2026-09-01 20:10:46,task_1_scene0000,Entering Vehicle,0.5131,0.205,NO
2026-09-01 20:10:46,task_1_scene0000,Entering Vehicle,0.576,0.23,NO
2026-09-01 20:10:46,task_1_scene0000,Entering Vehicle,0.5163,0.207,NO
2026-09-01 20:10:46,task_1_scene0000,Entering Vehicle,0.5809,0.232,NO
2026-09-01 20:10:46,task_1_scene0000,Entering Vehicle,0.5266,0.211,NO
2026-09-01 20:10:46,task_1_scene0000,Entering Vehicle,0.5163,0.207,NO
2026-09-01 20:10:46,task_1_scene0000,Entering Vehicle,0.5806,0.232,NO
2026-09-01 20:10:46,task_1_scene0000,Entering Vehicle,0.4955,0.198,NO
2026-09-01 20:10:47,task_1_scene0000,Entering Vehicle,0.5679,0.227,NO
2026-09-01 20:10:47,task_1_scene0000,Entering Vehicle,0.5716,0.229,NO
2026-09-01 20:10:47,task_1_scene0000,Entering Vehicle,0.575,0.23,NO
2026-09-01 20:10:47,task_1_scene0000,Entering Vehicle,0.5133,0.205,NO
2026-09-01 20:10:47,task_1_scene0000,Entering Vehicle,0.5731,0.229,NO
2026-09-01 20:10:47,task_1_scene0000,Entering Vehicle,0.5018,0.201,NO
2026-09-01 20:10:47,task_1_scene0000,Entering Vehicle,0.5217,0.209,NO
2026-09-01 20:10:47,task_1_scene0000,Entering Vehicle,0.5154,0.206,NO
2026-09-01 20:10:47,task_1_scene0000,Entering Vehicle,0.5199,0.208,NO
2026-09-01 20:10:47,task_1_scene0000,Entering Vehicle,0.5375,0.215,NO
2026-09-01 20:10:47,task_1_scene0000,Entering Vehicle,0.5789,0.232,NO
2026-09-01 20:10:47,task_1_scene0000,Entering Vehicle,0.5089,0.204,NO
2026-09-01 20:10:47,task_1_scene0000,Entering Vehicle,0.5768,0.231,NO
2026-09-01 20:10:47,task_1_scene0000,Entering Vehicle,0.4977,0.199,NO
2026-09-01 20:10:47,task_1_scene0000,Entering Vehicle,0.4891,0.196,NO
2026-09-01 20:10:47,task_1_scene0000,Entering Vehicle,0.572,0.229,NO
2026-09-01 20:10:47,task_1_scene0000,Entering Vehicle,0.5292,0.212,NO
2026-09-01 20:10:47,task_1_scene0000,Entering Vehicle,0.5168,0.207,NO
2026-09-01 20:10:47,task_1_scene0000,Entering Vehicle,0.5207,0.208,NO
2026-09-01 20:10:47,task_1_scene0000,Entering Vehicle,0.4942,0.198,NO
2026-09-01 20:10:47,task_1_scene0000,Entering Vehicle,0.5897,0.236,NO
2026-09-01 20:10:47,task_1_scene0000,Entering Vehicle,0.5028,0.201,NO
2026-09-01 20:10:47,task_1_scene0000,Entering Vehicle,0.5122,0.205,NO
2026-09-01 20:10:47,task_1_scene0000,Entering Vehicle,0.5232,0.209,NO
2026-09-01 20:10:47,task_1_scene0000,Entering Vehicle,0.5125,0.205,NO
2026-09-01 20:10:47,task_1_scene0000,Entering Vehicle,0.5747,0.23,NO
2026-09-01 20:10:47,task_1_scene0000,Entering Vehicle,0.4999,0.2,NO
2026-09-01 20:10:47,task_1_scene0000,Entering Vehicle,0.5734,0.229,NO
2026-09-01 20:10:47,task_1_scene0000,Entering Vehicle,0.5286,0.211,NO
2026-09-01 20:10:47,task_1_scene0000,Entering Vehicle,0.491,0.196,NO
2026-09-01 20:10:47,task_1_scene0000,Entering Vehicle,0.5224,0.209,NO
2026-09-01 20:10:47,task_1_scene0000,Entering Vehicle,0.5321,0.213,NO
2026-09-01 20:10:48,task_1_scene0000,Entering Vehicle,0.5123,0.205,NO
2026-09-01 20:10:48,task_1_scene0000,Entering Vehicle,0.5771,0.231,NO
2026-09-01 20:10:48,task_1_scene0000,Entering Vehicle,0.5185,0.207,NO
2026-09-01 20:10:48,task_1_scene0000,Entering Vehicle,0.5746,0.23,NO
2026-09-01 20:10:48,task_1_scene0000,Entering Vehicle,0.5814,0.233,NO
2026-09-01 20:10:48,task_1_scene0000,Entering Vehicle,0.5131,0.205,NO
2026-09-01 20:10:48,task_1_scene0000,Entering Vehicle,0.504,0.202,NO
2026-09-01 20:10:48,task_1_scene0000,Entering Vehicle,0.5815,0.233,NO
2026-09-01 20:10:48,task_1_scene0000,Entering Vehicle,0.5494,0.22,NO
2026-09-01 20:10:48,task_1_scene0000,Entering Vehicle,0.5083,0.203,NO
2026-09-01 20:10:48,task_1_scene0000,Entering Vehicle,0.5188,0.208,NO
2026-09-01 20:10:48,task_1_scene0000,Entering Vehicle,0.5688,0.228,NO
2026-09-01 20:10:48,task_1_scene0000,Entering Vehicle,0.5209,0.208,NO
2026-09-01 20:10:48,task_1_scene0000,Entering Vehicle,0.5437,0.217,NO
2026-09-01 20:10:48,task_1_scene0000,Entering Vehicle,0.5654,0.226,NO
2026-09-01 20:10:48,task_1_scene0000,Entering Vehicle,0.4934,0.197,NO
2026-09-01 20:10:48,task_1_scene0000,Entering Vehicle,0.4927,0.197,NO
2026-09-01 20:10:48,task_1_scene0000,Entering Vehicle,0.5895,0.236,NO
2026-09-01 20:10:48,task_1_scene0000,Entering Vehicle,0.4992,0.2,NO
2026-09-01 20:10:48,task_1_scene0000,Entering Vehicle,0.568,0.227,NO
2026-09-01 20:10:48,task_1_scene0000,Entering Vehicle,0.4848,0.194,NO
2026-09-01 20:10:48,task_1_scene0000,Entering Vehicle,0.5388,0.216,NO
2026-09-01 20:10:48,task_1_scene0000,Entering Vehicle,0.5694,0.228,NO
2026-09-01 20:10:48,task_1_scene0000,Entering Vehicle,0.4974,0.199,NO
2026-09-01 20:10:48,task_1_scene0000,Entering Vehicle,0.5666,0.227,NO
2026-09-01 20:10:48,task_1_scene0000,Entering Vehicle,0.5095,0.204,NO
2026-09-01 20:10:48,task_1_scene0000,Entering Vehicle,0.5152,0.206,NO
2026-09-01 20:10:48,task_1_scene0000,Entering Vehicle,0.5336,0.213,NO
2026-09-01 20:10:48,task_1_scene0000,Entering Vehicle,0.5191,0.208,NO
2026-09-01 20:10:48,task_1_scene0000,Entering Vehicle,0.5148,0.206,NO
2026-09-01 20:10:48,task_1_scene0000,Entering Vehicle,0.5179,0.207,NO
2026-09-01 20:10:48,task_1_scene0000,Entering Vehicle,0.5179,0.207,NO
2026-09-01 20:10:49,task_1_scene0000,Entering Vehicle,0.5759,0.23,NO
2026-09-01 20:10:49,task_1_scene0000,Entering Vehicle,0.5778,0.231,NO
2026-09-01 20:10:49,task_1_scene0000,Entering Vehicle,0.4914,0.197,NO
2026-09-01 20:10:49,task_1_scene0000,Entering Vehicle,0.5137,0.205,NO
2026-09-01 20:10:49,task_1_scene0000,Entering Vehicle,0.5205,0.208,NO
2026-09-01 20:10:49,task_1_scene0000,Entering Vehicle,0.4887,0.195,NO
2026-09-01 20:10:49,task_1_scene0000,Entering Vehicle,0.544,0.218,NO
2026-09-01 20:10:49,task_1_scene0000,Entering Vehicle,0.488,0.195,NO
2026-09-01 20:10:49,task_1_scene0000,Entering Vehicle,0.5162,0.206,NO
2026-09-01 20:10:49,task_1_scene0000,Entering Vehicle,0.584,0.234,NO
2026-09-01 20:10:49,task_1_scene0000,Entering Vehicle,0.5347,0.214,NO
2026-09-01 20:10:49,task_1_scene0000,Entering Vehicle,0.517,0.207,NO
2026-09-01 20:10:49,task_1_scene0000,Entering Vehicle,0.5314,0.213,NO
2026-09-01 20:10:49,task_1_scene0000,Entering Vehicle,0.5712,0.228,NO
2026-09-01 20:10:49,task_1_scene0000,Entering Vehicle,0.5861,0.234,NO
2026-09-01 20:10:49,task_1_scene0000,Entering Vehicle,0.5137,0.205,NO
2026-09-01 20:10:49,task_1_scene0000,Entering Vehicle,0.5628,0.225,NO
2026-09-01 20:10:49,task_1_scene0000,Entering Vehicle,0.5322,0.213,NO
2026-09-01 20:10:49,task_1_scene0000,Entering Vehicle,0.5895,0.236,NO
2026-09-01 20:10:49,task_1_scene0000,Entering Vehicle,0.5702,0.228,NO
2026-09-01 20:10:49,task_1_scene0000,Entering Vehicle,0.5137,0.205,NO
2026-09-01 20:10:49,task_1_scene0000,Entering Vehicle,0.5238,0.21,NO
2026-09-01 20:10:49,task_1_scene0000,Entering Vehicle,0.4942,0.198,NO
2026-09-01 20:10:49,task_1_scene0000,Entering Vehicle,0.5256,0.21,NO
2026-09-01 20:10:49,task_1_scene0000,Entering Vehicle,0.5161,0.206,NO
2026-09-01 20:10:49,task_1_scene0000,Entering Vehicle,0.494,0.198,NO
2026-09-01 20:10:49,task_1_scene0000,Entering Vehicle,0.535,0.214,NO
2026-09-01 20:10:49,task_1_scene0000,Entering Vehicle,0.5251,0.21,NO
2026-09-01 20:10:49,task_1_scene0000,Entering Vehicle,0.5617,0.225,NO
2026-09-01 20:10:49,task_1_scene0000,Entering Vehicle,0.4971,0.199,NO
2026-09-01 20:10:49,task_1_scene0000,Entering Vehicle,0.5308,0.212,NO
2026-09-01 20:17:09,task_2_scene0002,Exiting Vehicle,0.4879,0.195,NO
2026-09-01 20:17:09,task_2_scene0002,Exiting Vehicle,0.5624,0.225,NO
2026-09-01 20:17:09,task_2_scene0002,Loitering / Lingering,0.5891,0.411,NO
2026-09-01 20:17:09,task_2_scene0002,Entering Vehicle,0.9966,0.399,NO
2026-09-01 20:17:09,task_2_scene0002,Entering Vehicle,0.9978,0.399,NO
2026-09-01 20:17:09,task_2_scene0002,Entering Vehicle,0.9975,0.399,NO
2026-09-01 20:17:09,task_2_scene0002,Exiting Vehicle,0.4777,0.191,NO
2026-09-01 20:17:09,task_2_scene0002,Entering Vehicle,0.9383,0.375,NO
2026-09-01 20:17:09,task_2_scene0002,Loitering / Lingering,0.6132,0.387,NO
2026-09-01 20:17:09,task_2_scene0002,Entering Vehicle,0.9929,0.397,NO
2026-09-01 20:17:09,task_2_scene0002,Entering Vehicle,0.9615,0.385,NO
2026-09-01 20:17:09,task_2_scene0002,Exiting Vehicle,0.425,0.17,NO
2026-09-01 20:17:09,task_2_scene0002,Loitering / Lingering,0.501,0.499,NO
2026-09-01 20:17:09,task_2_scene0002,Carrying / Unloading Object,0.4749,0.19,NO
2026-09-01 20:17:09,task_2_scene0002,Entering Vehicle,0.951,0.38,NO
2026-09-01 20:17:09,task_2_scene0002,Exiting Vehicle,0.3335,0.133,NO
2026-09-01 20:17:10,task_2_scene0002,Normal Pedestrian Motion,0.5724,0.229,NO
2026-09-01 20:17:10,task_2_scene0002,Carrying / Unloading Object,0.5291,0.212,NO
2026-09-01 20:17:10,task_2_scene0002,Loitering / Lingering,0.5315,0.469,NO
2026-09-01 20:17:10,task_2_scene0002,Entering Vehicle,0.9971,0.399,NO
2026-09-01 20:17:10,task_2_scene0002,Entering Vehicle,0.6427,0.257,NO
2026-09-01 20:17:10,task_2_scene0002,Exiting Vehicle,0.4912,0.196,NO
2026-09-01 20:17:10,task_2_scene0002,Entering Vehicle,0.5856,0.234,NO
2026-09-01 20:17:10,task_2_scene0002,Carrying / Unloading Object,0.4611,0.184,NO
2026-09-01 20:17:10,task_2_scene0002,Carrying / Unloading Object,0.5159,0.206,NO
2026-09-01 20:17:10,task_2_scene0002,Exiting Vehicle,0.3673,0.147,NO
2026-09-01 20:17:10,task_2_scene0002,Exiting Vehicle,0.5165,0.207,NO
2026-09-01 20:17:10,task_2_scene0002,Loitering / Lingering,0.6143,0.386,NO
2026-09-01 20:17:10,task_2_scene0002,Carrying / Unloading Object,0.4435,0.177,NO
2026-09-01 20:17:10,task_2_scene0002,Entering Vehicle,0.9956,0.398,NO
2026-09-01 20:17:10,task_2_scene0002,Loitering / Lingering,0.4038,0.596,YES
2026-09-01 20:17:10,task_2_scene0002,Entering Vehicle,0.6491,0.26,NO
2026-09-01 20:17:10,task_2_scene0002,Carrying / Unloading Object,0.5537,0.221,NO
2026-09-01 20:17:10,task_2_scene0002,Entering Vehicle,0.974,0.39,NO
2026-09-01 20:17:10,task_2_scene0002,Entering Vehicle,0.9967,0.399,NO
2026-09-01 20:17:10,task_2_scene0002,Loitering / Lingering,0.4659,0.534,NO
2026-09-01 20:17:10,task_2_scene0002,Loitering / Lingering,0.5367,0.463,NO
2026-09-01 20:17:10,task_2_scene0002,Entering Vehicle,0.9616,0.385,NO
2026-09-01 20:17:10,task_2_scene0002,Entering Vehicle,0.9986,0.399,NO
2026-09-01 20:17:10,task_2_scene0002,Exiting Vehicle,0.3528,0.141,NO
2026-09-01 20:17:10,task_2_scene0002,Entering Vehicle,0.6264,0.251,NO
2026-09-01 20:17:10,task_2_scene0002,Exiting Vehicle,0.5618,0.225,NO
2026-09-01 20:17:10,task_2_scene0002,Exiting Vehicle,0.5066,0.203,NO
2026-09-01 20:17:10,task_2_scene0002,Entering Vehicle,0.6136,0.245,NO
2026-09-01 20:17:10,task_2_scene0002,Exiting Vehicle,0.386,0.154,NO
2026-09-01 20:17:10,task_2_scene0002,Entering Vehicle,0.9991,0.4,NO
2026-09-01 20:17:10,task_2_scene0002,Entering Vehicle,0.9976,0.399,NO
2026-09-01 20:17:10,task_2_scene0002,Loitering / Lingering,0.5669,0.433,NO
2026-09-01 20:17:11,task_2_scene0002,Carrying / Unloading Object,0.4527,0.181,NO
2026-09-01 20:17:11,task_2_scene0002,Entering Vehicle,0.9981,0.399,NO
2026-09-01 20:17:11,task_2_scene0002,Entering Vehicle,0.5701,0.228,NO
2026-09-01 20:17:11,task_2_scene0002,Loitering / Lingering,0.4436,0.556,YES
2026-09-01 20:17:11,task_2_scene0002,Loitering / Lingering,0.5415,0.459,NO
2026-09-01 20:17:11,task_2_scene0002,Loitering / Lingering,0.5874,0.413,NO
2026-09-01 20:17:11,task_2_scene0002,Carrying / Unloading Object,0.5325,0.213,NO
2026-09-01 20:17:11,task_2_scene0002,Carrying / Unloading Object,0.5038,0.202,NO
2026-09-01 20:17:11,task_2_scene0002,Exiting Vehicle,0.4737,0.189,NO
2026-09-01 20:17:11,task_2_scene0002,Entering Vehicle,0.4572,0.183,NO
2026-09-01 20:17:11,task_2_scene0002,Exiting Vehicle,0.465,0.186,NO
2026-09-01 20:17:11,task_2_scene0002,Exiting Vehicle,0.3965,0.159,NO
2026-09-01 20:17:11,task_2_scene0002,Entering Vehicle,0.6251,0.25,NO
2026-09-01 20:17:11,task_2_scene0002,Loitering / Lingering,0.4311,0.569,YES
2026-09-01 20:17:11,task_2_scene0002,Carrying / Unloading Object,0.4751,0.19,NO
2026-09-01 20:17:11,task_2_scene0002,Entering Vehicle,0.9916,0.397,NO
2026-09-01 20:17:11,task_2_scene0002,Exiting Vehicle,0.5206,0.208,NO
2026-09-01 20:17:11,task_2_scene0002,Entering Vehicle,0.6088,0.244,NO
2026-09-01 20:17:11,task_2_scene0002,Entering Vehicle,0.5115,0.205,NO
2026-09-01 20:17:11,task_2_scene0002,Entering Vehicle,0.6115,0.245,NO
2026-09-01 20:17:11,task_2_scene0002,Entering Vehicle,0.5537,0.221,NO
2026-09-01 20:17:11,task_2_scene0002,Loitering / Lingering,0.4204,0.58,YES
2026-09-01 20:17:11,task_2_scene0002,Entering Vehicle,0.6564,0.263,NO
2026-09-01 20:17:11,task_2_scene0002,Exiting Vehicle,0.3331,0.133,NO
2026-09-01 20:17:11,task_2_scene0002,Exiting Vehicle,0.4902,0.196,NO
2026-09-01 20:17:11,task_2_scene0002,Entering Vehicle,0.9634,0.385,NO
2026-09-01 20:17:11,task_2_scene0002,Exiting Vehicle,0.344,0.138,NO
2026-09-01 20:17:11,task_2_scene0002,Carrying / Unloading Object,0.5156,0.206,NO
2026-09-01 20:17:11,task_2_scene0002,Entering Vehicle,0.9989,0.4,NO
2026-09-01 20:17:11,task_2_scene0002,Entering Vehicle,0.7116,0.285,NO
2026-09-01 20:17:11,task_2_scene0002,Loitering / Lingering,0.3791,0.621,YES
2026-09-01 20:17:11,task_2_scene0002,Entering Vehicle,0.991,0.396,NO
2026-09-01 20:17:12,task_2_scene0002,Loitering / Lingering,0.5877,0.412,NO
2026-09-01 20:17:12,task_2_scene0002,Loitering / Lingering,0.4779,0.522,NO
2026-09-01 20:17:12,task_2_scene0002,Exiting Vehicle,0.4363,0.175,NO
2026-09-01 20:17:12,task_2_scene0002,Exiting Vehicle,0.4848,0.194,NO
2026-09-01 20:17:12,task_2_scene0002,Carrying / Unloading Object,0.4792,0.192,NO
2026-09-01 20:17:12,task_2_scene0002,Entering Vehicle,0.9912,0.396,NO
2026-09-01 20:17:12,task_2_scene0002,Entering Vehicle,0.9931,0.397,NO
2026-09-01 20:17:12,task_2_scene0002,Loitering / Lingering,0.4194,0.581,YES
2026-09-01 20:17:12,task_2_scene0002,Entering Vehicle,0.9864,0.395,NO
2026-09-01 20:17:12,task_2_scene0002,Entering Vehicle,0.9904,0.396,NO
2026-09-01 20:17:12,task_2_scene0002,Entering Vehicle,0.9966,0.399,NO
2026-09-01 20:17:12,task_2_scene0002,Entering Vehicle,0.6523,0.261,NO
2026-09-01 20:17:12,task_2_scene0002,Entering Vehicle,0.9987,0.399,NO
2026-09-01 20:17:12,task_2_scene0002,Loitering / Lingering,0.4137,0.586,YES
2026-09-01 20:17:12,task_2_scene0002,Entering Vehicle,0.6051,0.242,NO
2026-09-01 20:17:12,task_2_scene0002,Entering Vehicle,0.5641,0.226,NO
2026-09-01 20:17:12,task_2_scene0002,Carrying / Unloading Object,0.4936,0.197,NO
2026-09-01 20:17:12,task_2_scene0002,Entering Vehicle,0.9554,0.382,NO
2026-09-01 20:17:12,task_2_scene0002,Exiting Vehicle,0.464,0.186,NO
2026-09-01 20:17:12,task_2_scene0002,Exiting Vehicle,0.4764,0.191,NO
2026-09-01 20:17:12,task_2_scene0002,Entering Vehicle,0.9767,0.391,NO
2026-09-01 20:17:12,task_2_scene0002,Exiting Vehicle,0.5081,0.203,NO
2026-09-01 20:17:12,task_2_scene0002,Entering Vehicle,0.9302,0.372,NO
2026-09-01 20:17:12,task_2_scene0002,Carrying / Unloading Object,0.484,0.194,NO
2026-09-01 20:17:12,task_2_scene0002,Loitering / Lingering,0.4362,0.564,YES
2026-09-01 20:17:12,task_2_scene0002,Exiting Vehicle,0.5068,0.203,NO
2026-09-01 20:17:12,task_2_scene0002,Loitering / Lingering,0.4394,0.561,YES
2026-09-01 20:17:12,task_2_scene0002,Exiting Vehicle,0.395,0.158,NO
2026-09-01 20:17:12,task_2_scene0002,Carrying / Unloading Object,0.5402,0.216,NO
2026-09-01 20:17:12,task_2_scene0002,Carrying / Unloading Object,0.4617,0.185,NO
2026-09-01 20:17:12,task_2_scene0002,Entering Vehicle,0.6009,0.24,NO
2026-09-01 20:17:12,task_2_scene0002,Entering Vehicle,0.9901,0.396,NO
2026-09-01 20:17:13,task_2_scene0002,Carrying / Unloading Object,0.4377,0.175,NO
2026-09-01 20:17:13,task_2_scene0002,Carrying / Unloading Object,0.5544,0.222,NO
2026-09-01 20:17:13,task_2_scene0002,Carrying / Unloading Object,0.52,0.208,NO
2026-09-01 20:17:13,task_2_scene0002,Loitering / Lingering,0.4719,0.528,NO
2026-09-01 20:17:13,task_2_scene0002,Entering Vehicle,0.9913,0.397,NO
2026-09-01 20:17:13,task_2_scene0002,Entering Vehicle,0.9907,0.396,NO
2026-09-01 20:17:13,task_2_scene0002,Entering Vehicle,0.956,0.382,NO
2026-09-01 20:17:13,task_2_scene0002,Carrying / Unloading Object,0.5017,0.201,NO
2026-09-01 20:17:13,task_2_scene0002,Entering Vehicle,0.9249,0.37,NO
2026-09-01 20:17:13,task_2_scene0002,Exiting Vehicle,0.3804,0.152,NO
2026-09-01 20:17:13,task_2_scene0002,Exiting Vehicle,0.3437,0.137,NO
2026-09-01 20:17:13,task_2_scene0002,Carrying / Unloading Object,0.5278,0.211,NO
2026-09-01 20:17:13,task_2_scene0002,Entering Vehicle,0.9925,0.397,NO
2026-09-01 20:17:13,task_2_scene0002,Loitering / Lingering,0.3907,0.609,YES
2026-09-01 20:17:13,task_2_scene0002,Entering Vehicle,0.9971,0.399,NO
2026-09-01 20:17:13,task_2_scene0002,Carrying / Unloading Object,0.5312,0.212,NO
2026-09-01 20:17:13,task_2_scene0002,Carrying / Unloading Object,0.5345,0.214,NO
2026-09-01 20:17:13,task_2_scene0002,Normal Pedestrian Motion,0.3055,0.122,NO
2026-09-01 20:17:13,task_2_scene0002,Loitering / Lingering,0.4008,0.599,YES
2026-09-01 20:17:13,task_2_scene0002,Carrying / Unloading Object,0.4312,0.172,NO
2026-09-01 20:17:13,task_2_scene0002,Loitering / Lingering,0.3239,0.676,YES
2026-09-01 20:17:13,task_2_scene0002,Carrying / Unloading Object,0.3997,0.16,NO
2026-09-01 20:17:13,task_2_scene0002,Entering Vehicle,0.9766,0.391,NO
2026-09-01 20:17:13,task_2_scene0002,Carrying / Unloading Object,0.4766,0.191,NO
2026-09-01 20:17:13,task_2_scene0002,Loitering / Lingering,0.5925,0.408,NO
2026-09-01 20:17:13,task_2_scene0002,Entering Vehicle,0.4612,0.184,NO
2026-09-01 20:17:13,task_2_scene0002,Exiting Vehicle,0.3666,0.147,NO
2026-09-01 20:17:13,task_2_scene0002,Exiting Vehicle,0.3593,0.144,NO
2026-09-01 20:17:13,task_2_scene0002,Carrying / Unloading Object,0.5351,0.214,NO
2026-09-01 20:17:13,task_2_scene0002,Normal Pedestrian Motion,0.4385,0.175,NO
2026-09-01 20:17:13,task_2_scene0002,Carrying / Unloading Object,0.5278,0.211,NO
2026-09-01 20:17:13,task_2_scene0002,Entering Vehicle,0.9959,0.398,NO
2026-09-01 20:17:14,task_2_scene0002,Loitering / Lingering,0.4526,0.547,NO
2026-09-01 20:17:14,task_2_scene0002,Entering Vehicle,0.5659,0.226,NO
2026-09-01 20:17:14,task_2_scene0002,Exiting Vehicle,0.5288,0.212,NO
2026-09-01 20:17:14,task_2_scene0002,Entering Vehicle,0.6041,0.242,NO
2026-09-01 20:17:14,task_2_scene0002,Carrying / Unloading Object,0.4804,0.192,NO
2026-09-01 20:17:14,task_2_scene0002,Entering Vehicle,0.6047,0.242,NO
2026-09-01 20:17:14,task_2_scene0002,Entering Vehicle,0.4102,0.164,NO
2026-09-01 20:17:14,task_2_scene0002,Exiting Vehicle,0.3416,0.137,NO
2026-09-01 20:17:14,task_2_scene0002,Carrying / Unloading Object,0.5251,0.21,NO
2026-09-01 20:17:14,task_2_scene0002,Loitering / Lingering,0.4138,0.586,YES
2026-09-01 20:17:14,task_2_scene0002,Entering Vehicle,0.6319,0.253,NO
2026-09-01 20:17:14,task_2_scene0002,Exiting Vehicle,0.3609,0.144,NO
2026-09-01 20:17:14,task_2_scene0002,Exiting Vehicle,0.4517,0.181,NO
2026-09-01 20:17:14,task_2_scene0002,Entering Vehicle,0.5995,0.24,NO
2026-09-01 20:17:14,task_2_scene0002,Entering Vehicle,0.7082,0.283,NO
2026-09-01 20:17:14,task_2_scene0002,Entering Vehicle,0.6522,0.261,NO
2026-09-01 20:17:14,task_2_scene0002,Entering Vehicle,0.9988,0.4,NO
2026-09-01 20:17:14,task_2_scene0002,Exiting Vehicle,0.4931,0.197,NO
2026-09-01 20:17:14,task_2_scene0002,Carrying / Unloading Object,0.5286,0.211,NO
2026-09-01 20:17:14,task_2_scene0002,Exiting Vehicle,0.4555,0.182,NO
2026-09-01 20:17:14,task_2_scene0002,Entering Vehicle,0.7,0.28,NO
2026-09-01 20:17:14,task_2_scene0002,Entering Vehicle,0.9667,0.387,NO
2026-09-01 20:17:14,task_2_scene0002,Exiting Vehicle,0.4845,0.194,NO
2026-09-01 20:17:14,task_2_scene0002,Exiting Vehicle,0.4924,0.197,NO
2026-09-01 20:17:14,task_2_scene0002,Loitering / Lingering,0.4323,0.568,YES
2026-09-01 20:17:14,task_2_scene0002,Entering Vehicle,0.9988,0.4,NO
2026-09-01 20:17:14,task_2_scene0002,Exiting Vehicle,0.341,0.136,NO
2026-09-01 20:17:14,task_2_scene0002,Entering Vehicle,0.9816,0.393,NO
2026-09-01 20:17:14,task_2_scene0002,Entering Vehicle,0.937,0.375,NO
2026-09-01 20:17:14,task_2_scene0002,Exiting Vehicle,0.4763,0.191,NO
2026-09-01 20:17:14,task_2_scene0002,Entering Vehicle,0.974,0.39,NO
2026-09-01 20:17:14,task_2_scene0002,Exiting Vehicle,0.5276,0.211,NO
2026-09-01 20:17:15,task_2_scene0002,Loitering / Lingering,0.3503,0.65,YES
2026-09-01 20:17:15,task_2_scene0002,Loitering / Lingering,0.4282,0.572,YES
2026-09-01 20:17:15,task_2_scene0002,Entering Vehicle,0.998,0.399,NO
2026-09-01 20:17:15,task_2_scene0002,Carrying / Unloading Object,0.464,0.186,NO
2026-09-01 20:17:15,task_2_scene0002,Normal Pedestrian Motion,0.382,0.153,NO
2026-09-01 20:17:15,task_2_scene0002,Carrying / Unloading Object,0.5325,0.213,NO
2026-09-01 20:17:15,task_2_scene0002,Carrying / Unloading Object,0.4777,0.191,NO
2026-09-01 20:17:15,task_2_scene0002,Carrying / Unloading Object,0.4854,0.194,NO
2026-09-01 20:17:15,task_2_scene0002,Entering Vehicle,0.9401,0.376,NO
2026-09-01 20:17:15,task_2_scene0002,Exiting Vehicle,0.3389,0.136,NO
2026-09-01 20:17:15,task_2_scene0002,Entering Vehicle,0.4614,0.185,NO
2026-09-01 20:17:15,task_2_scene0002,Carrying / Unloading Object,0.5654,0.226,NO
2026-09-01 20:17:15,task_2_scene0002,Loitering / Lingering,0.6656,0.334,NO
2026-09-01 20:17:15,task_2_scene0002,Exiting Vehicle,0.5703,0.228,NO
2026-09-01 20:17:15,task_2_scene0002,Loitering / Lingering,0.5176,0.482,NO
2026-09-01 20:17:15,task_2_scene0002,Exiting Vehicle,0.5165,0.207,NO
2026-09-01 20:17:15,task_2_scene0002,Exiting Vehicle,0.4844,0.194,NO
2026-09-01 20:17:15,task_2_scene0002,Exiting Vehicle,0.4839,0.194,NO
2026-09-01 20:17:15,task_2_scene0002,Carrying / Unloading Object,0.4626,0.185,NO
2026-09-01 20:17:15,task_2_scene0002,Carrying / Unloading Object,0.5229,0.209,NO
2026-09-01 20:17:15,task_2_scene0002,Loitering / Lingering,0.4756,0.524,NO
2026-09-01 20:17:15,task_2_scene0002,Carrying / Unloading Object,0.5203,0.208,NO
2026-09-01 20:17:15,task_2_scene0002,Carrying / Unloading Object,0.5396,0.216,NO
2026-09-01 20:17:15,task_2_scene0002,Carrying / Unloading Object,0.4447,0.178,NO
2026-09-01 20:17:15,task_2_scene0002,Entering Vehicle,0.9893,0.396,NO
2026-09-01 20:17:15,task_2_scene0002,Entering Vehicle,0.6071,0.243,NO
2026-09-01 20:17:15,task_2_scene0002,Loitering / Lingering,0.435,0.565,YES
2026-09-01 20:17:15,task_2_scene0002,Loitering / Lingering,0.6018,0.398,NO
2026-09-01 20:17:15,task_2_scene0002,Exiting Vehicle,0.4183,0.167,NO
2026-09-01 20:17:15,task_2_scene0002,Entering Vehicle,0.6152,0.246,NO
2026-09-01 20:17:15,task_2_scene0002,Entering Vehicle,0.5942,0.238,NO
2026-09-01 20:17:15,task_2_scene0002,Exiting Vehicle,0.4065,0.163,NO
2026-09-01 20:17:16,task_2_scene0002,Loitering / Lingering,0.6147,0.385,NO
2026-09-01 20:17:16,task_2_scene0002,Exiting Vehicle,0.5647,0.226,NO
2026-09-01 20:17:16,task_2_scene0002,Loitering / Lingering,0.3296,0.67,YES
2026-09-01 20:17:16,task_2_scene0002,Entering Vehicle,0.5606,0.224,NO
2026-09-01 20:17:16,task_2_scene0002,Carrying / Unloading Object,0.4768,0.191,NO
2026-09-01 20:17:16,task_2_scene0002,Entering Vehicle,0.6175,0.247,NO
2026-09-01 20:17:16,task_2_scene0002,Entering Vehicle,0.5332,0.213,NO
2026-09-01 20:17:16,task_2_scene0002,Carrying / Unloading Object,0.544,0.218,NO
2026-09-01 20:17:16,task_2_scene0002,Loitering / Lingering,0.4476,0.552,YES
2026-09-01 20:17:16,task_2_scene0002,Entering Vehicle,0.9901,0.396,NO
2026-09-01 20:17:16,task_2_scene0002,Loitering / Lingering,0.5107,0.489,NO
2026-09-01 20:17:16,task_2_scene0002,Loitering / Lingering,0.3263,0.674,YES
2026-09-01 20:17:16,task_2_scene0002,Loitering / Lingering,0.531,0.469,NO
2026-09-01 20:17:16,task_2_scene0002,Loitering / Lingering,0.5716,0.428,NO
2026-09-01 20:17:16,task_2_scene0002,Entering Vehicle,0.9775,0.391,NO
2026-09-01 20:17:16,task_2_scene0002,Carrying / Unloading Object,0.5643,0.226,NO
2026-09-01 20:17:16,task_2_scene0002,Entering Vehicle,0.5767,0.231,NO
2026-09-01 20:17:16,task_2_scene0002,Exiting Vehicle,0.4587,0.183,NO
2026-09-01 20:17:16,task_2_scene0002,Entering Vehicle,0.6064,0.243,NO
2026-09-01 20:17:16,task_2_scene0002,Carrying / Unloading Object,0.4488,0.18,NO
2026-09-01 20:17:16,task_2_scene0002,Exiting Vehicle,0.3687,0.147,NO
2026-09-01 20:17:16,task_2_scene0002,Entering Vehicle,0.9907,0.396,NO
2026-09-01 20:17:16,task_2_scene0002,Entering Vehicle,0.6309,0.252,NO
2026-09-01 20:17:16,task_2_scene0002,Exiting Vehicle,0.3296,0.132,NO
2026-09-01 20:17:16,task_2_scene0002,Entering Vehicle,0.9921,0.397,NO
2026-09-01 20:17:16,task_2_scene0002,Exiting Vehicle,0.5272,0.211,NO
2026-09-01 20:17:16,task_2_scene0002,Entering Vehicle,0.9936,0.397,NO
2026-09-01 20:17:16,task_2_scene0002,Entering Vehicle,0.9874,0.395,NO
2026-09-01 20:17:16,task_2_scene0002,Carrying / Unloading Object,0.5503,0.22,NO
2026-09-01 20:17:16,task_2_scene0002,Normal Pedestrian Motion,0.4587,0.183,NO
2026-09-01 20:17:16,task_2_scene0002,Entering Vehicle,0.6039,0.242,NO
2026-09-01 20:17:16,task_2_scene0002,Carrying / Unloading Object,0.4811,0.192,NO
2026-09-01 20:17:17,task_2_scene0002,Exiting Vehicle,0.4469,0.179,NO
2026-09-01 20:17:17,task_2_scene0002,Loitering / Lingering,0.2979,0.702,YES
2026-09-01 20:17:17,task_2_scene0002,Exiting Vehicle,0.4656,0.186,NO
2026-09-01 20:17:17,task_2_scene0002,Carrying / Unloading Object,0.4795,0.192,NO
2026-09-01 20:17:17,task_2_scene0002,Loitering / Lingering,0.5473,0.453,NO
2026-09-01 20:17:17,task_2_scene0002,Carrying / Unloading Object,0.6236,0.249,NO
2026-09-01 20:17:17,task_2_scene0002,Entering Vehicle,0.9948,0.398,NO
2026-09-01 20:17:17,task_2_scene0002,Exiting Vehicle,0.3751,0.15,NO
2026-09-01 20:17:17,task_2_scene0002,Entering Vehicle,0.5816,0.233,NO
2026-09-01 20:17:17,task_2_scene0002,Normal Pedestrian Motion,0.4864,0.195,NO
2026-09-01 20:17:17,task_2_scene0002,Entering Vehicle,0.9962,0.398,NO
2026-09-01 20:17:17,task_2_scene0002,Loitering / Lingering,0.4604,0.54,NO
2026-09-01 20:17:17,task_2_scene0002,Carrying / Unloading Object,0.4688,0.188,NO
2026-09-01 20:17:17,task_2_scene0002,Exiting Vehicle,0.4985,0.199,NO
2026-09-01 20:17:17,task_2_scene0002,Entering Vehicle,0.5915,0.237,NO
2026-09-01 20:17:17,task_2_scene0002,Exiting Vehicle,0.4582,0.183,NO
2026-09-01 20:17:17,task_2_scene0002,Entering Vehicle,0.9953,0.398,NO
2026-09-01 20:17:17,task_2_scene0002,Entering Vehicle,0.9967,0.399,NO
2026-09-01 20:17:17,task_2_scene0002,Carrying / Unloading Object,0.5139,0.206,NO
2026-09-01 20:17:17,task_2_scene0002,Exiting Vehicle,0.5622,0.225,NO
2026-09-01 20:17:17,task_2_scene0002,Entering Vehicle,0.9122,0.365,NO
2026-09-01 20:17:17,task_2_scene0002,Exiting Vehicle,0.4157,0.166,NO
2026-09-01 20:17:17,task_2_scene0002,Entering Vehicle,0.9921,0.397,NO
2026-09-01 20:17:17,task_2_scene0002,Exiting Vehicle,0.4313,0.173,NO
2026-09-01 20:17:17,task_2_scene0002,Entering Vehicle,0.9943,0.398,NO
2026-09-01 20:17:17,task_2_scene0002,Entering Vehicle,0.9964,0.399,NO
2026-09-01 20:17:17,task_2_scene0002,Entering Vehicle,0.9303,0.372,NO
2026-09-01 20:17:17,task_2_scene0002,Entering Vehicle,0.585,0.234,NO
2026-09-01 20:17:17,task_2_scene0002,Exiting Vehicle,0.4597,0.184,NO
2026-09-01 20:17:17,task_2_scene0002,Exiting Vehicle,0.5653,0.226,NO
2026-09-01 20:17:17,task_2_scene0002,Exiting Vehicle,0.5471,0.219,NO
2026-09-01 20:17:17,task_2_scene0002,Exiting Vehicle,0.4598,0.184,NO
2026-09-01 20:17:18,task_2_scene0002,Entering Vehicle,0.9963,0.399,NO
2026-09-01 20:17:18,task_2_scene0002,Loitering / Lingering,0.4339,0.566,YES
2026-09-01 20:17:18,task_2_scene0002,Entering Vehicle,0.9882,0.395,NO
2026-09-01 20:17:18,task_2_scene0002,Entering Vehicle,0.9975,0.399,NO
2026-09-01 20:17:18,task_2_scene0002,Carrying / Unloading Object,0.4769,0.191,NO
2026-09-01 20:17:18,task_2_scene0002,Entering Vehicle,0.6226,0.249,NO
2026-09-01 20:17:18,task_2_scene0002,Entering Vehicle,0.9971,0.399,NO
2026-09-01 20:17:18,task_2_scene0002,Entering Vehicle,0.5388,0.216,NO
2026-09-01 20:17:18,task_2_scene0002,Entering Vehicle,0.6415,0.257,NO
2026-09-01 20:17:18,task_2_scene0002,Loitering / Lingering,0.447,0.553,YES
2026-09-01 20:17:18,task_2_scene0002,Exiting Vehicle,0.5294,0.212,NO
2026-09-01 20:17:18,task_2_scene0002,Entering Vehicle,0.4134,0.165,NO
2026-09-01 20:17:18,task_2_scene0002,Carrying / Unloading Object,0.5249,0.21,NO
2026-09-01 20:17:18,task_2_scene0002,Exiting Vehicle,0.4884,0.195,NO
2026-09-01 20:17:18,task_2_scene0002,Exiting Vehicle,0.4585,0.183,NO
2026-09-01 20:17:18,task_2_scene0002,Entering Vehicle,0.9968,0.399,NO
2026-09-01 20:17:18,task_2_scene0002,Entering Vehicle,0.9811,0.392,NO
2026-09-01 20:17:18,task_2_scene0002,Entering Vehicle,0.998,0.399,NO
2026-09-01 20:17:18,task_2_scene0002,Entering Vehicle,0.9986,0.399,NO
2026-09-01 20:17:18,task_2_scene0002,Exiting Vehicle,0.4903,0.196,NO
2026-09-01 20:17:18,task_2_scene0002,Entering Vehicle,0.9754,0.39,NO
2026-09-01 20:17:18,task_2_scene0002,Entering Vehicle,0.9907,0.396,NO
2026-09-01 20:17:18,task_2_scene0002,Exiting Vehicle,0.5264,0.211,NO
2026-09-01 20:17:18,task_2_scene0002,Exiting Vehicle,0.4598,0.184,NO
2026-09-01 20:17:18,task_2_scene0002,Entering Vehicle,0.5707,0.228,NO
2026-09-01 20:17:18,task_2_scene0002,Carrying / Unloading Object,0.5061,0.202,NO
2026-09-01 20:17:18,task_2_scene0002,Entering Vehicle,0.9968,0.399,NO
2026-09-01 20:17:18,task_2_scene0002,Carrying / Unloading Object,0.4383,0.175,NO
2026-09-01 20:17:18,task_2_scene0002,Carrying / Unloading Object,0.4337,0.173,NO
2026-09-01 20:17:18,task_2_scene0002,Carrying / Unloading Object,0.6027,0.241,NO
2026-09-01 20:17:18,task_2_scene0002,Carrying / Unloading Object,0.481,0.192,NO
2026-09-01 20:17:18,task_2_scene0002,Exiting Vehicle,0.3448,0.138,NO
2026-09-01 20:17:19,task_2_scene0002,Carrying / Unloading Object,0.4605,0.184,NO
2026-09-01 20:17:19,task_2_scene0002,Exiting Vehicle,0.5692,0.228,NO
2026-09-01 20:17:19,task_2_scene0002,Loitering / Lingering,0.4525,0.548,NO
2026-09-01 20:17:19,task_2_scene0002,Carrying / Unloading Object,0.6668,0.267,NO
2026-09-01 20:17:19,task_2_scene0002,Carrying / Unloading Object,0.47,0.188,NO
2026-09-01 20:17:19,task_2_scene0002,Normal Pedestrian Motion,0.3668,0.147,NO
2026-09-01 20:17:19,task_2_scene0002,Carrying / Unloading Object,0.5115,0.205,NO
2026-09-01 20:17:19,task_2_scene0002,Loitering / Lingering,0.4379,0.562,YES
2026-09-01 20:17:19,task_2_scene0002,Entering Vehicle,0.6426,0.257,NO
2026-09-01 20:17:19,task_2_scene0002,Loitering / Lingering,0.4976,0.502,NO
2026-09-01 20:17:19,task_2_scene0002,Carrying / Unloading Object,0.4249,0.17,NO
2026-09-01 20:17:19,task_2_scene0002,Carrying / Unloading Object,0.4809,0.192,NO
2026-09-01 20:17:19,task_2_scene0002,Entering Vehicle,0.6105,0.244,NO
2026-09-01 20:17:19,task_2_scene0002,Carrying / Unloading Object,0.5356,0.214,NO
2026-09-01 20:17:19,task_2_scene0002,Exiting Vehicle,0.3408,0.136,NO
2026-09-01 20:17:19,task_2_scene0002,Carrying / Unloading Object,0.4511,0.18,NO
2026-09-01 20:17:19,task_2_scene0002,Entering Vehicle,0.9716,0.389,NO
2026-09-01 20:17:19,task_2_scene0002,Exiting Vehicle,0.4802,0.192,NO
2026-09-01 20:17:19,task_2_scene0002,Entering Vehicle,0.9957,0.398,NO
2026-09-01 20:17:19,task_2_scene0002,Loitering / Lingering,0.5977,0.402,NO
2026-09-01 20:17:19,task_2_scene0002,Entering Vehicle,0.9982,0.399,NO
2026-09-01 20:17:19,task_2_scene0002,Exiting Vehicle,0.4395,0.176,NO
2026-09-01 20:17:19,task_2_scene0002,Exiting Vehicle,0.3634,0.145,NO
2026-09-01 20:17:19,task_2_scene0002,Exiting Vehicle,0.5158,0.206,NO
2026-09-01 20:17:19,task_2_scene0002,Carrying / Unloading Object,0.471,0.188,NO
2026-09-01 20:17:19,task_2_scene0002,Carrying / Unloading Object,0.5142,0.206,NO
2026-09-01 20:17:19,task_2_scene0002,Loitering / Lingering,0.4422,0.558,YES
2026-09-01 20:17:19,task_2_scene0002,Exiting Vehicle,0.4549,0.182,NO
2026-09-01 20:17:19,task_2_scene0002,Entering Vehicle,0.9807,0.392,NO
2026-09-01 20:17:19,task_2_scene0002,Loitering / Lingering,0.4799,0.52,NO
2026-09-01 20:17:19,task_2_scene0002,Exiting Vehicle,0.387,0.155,NO
2026-09-01 20:17:19,task_2_scene0002,Entering Vehicle,0.9948,0.398,NO
2026-09-01 20:17:20,task_2_scene0002,Entering Vehicle,0.6245,0.25,NO
2026-09-01 20:17:20,task_2_scene0002,Loitering / Lingering,0.5131,0.487,NO
2026-09-01 20:17:20,task_2_scene0002,Entering Vehicle,0.948,0.379,NO
2026-09-01 20:17:20,task_2_scene0002,Loitering / Lingering,0.5187,0.481,NO
2026-09-01 20:17:20,task_2_scene0002,Loitering / Lingering,0.4261,0.574,YES
2026-09-01 20:17:20,task_2_scene0002,Entering Vehicle,0.5892,0.236,NO
2026-09-01 20:17:20,task_2_scene0002,Exiting Vehicle,0.4841,0.194,NO
2026-09-01 20:17:20,task_2_scene0002,Exiting Vehicle,0.371,0.148,NO
2026-09-01 20:17:20,task_2_scene0002,Entering Vehicle,0.955,0.382,NO
2026-09-01 20:17:20,task_2_scene0002,Exiting Vehicle,0.4944,0.198,NO
2026-09-01 20:17:20,task_2_scene0002,Entering Vehicle,0.5486,0.219,NO
2026-09-01 20:17:20,task_2_scene0002,Entering Vehicle,0.9595,0.384,NO
2026-09-01 20:17:20,task_2_scene0002,Loitering / Lingering,0.4444,0.556,YES
2026-09-01 20:17:20,task_2_scene0002,Carrying / Unloading Object,0.4636,0.185,NO
2026-09-01 20:17:20,task_2_scene0002,Loitering / Lingering,0.4748,0.525,NO
2026-09-01 20:17:20,task_2_scene0002,Exiting Vehicle,0.4292,0.172,NO
2026-09-01 20:17:20,task_2_scene0002,Entering Vehicle,0.9977,0.399,NO
2026-09-01 20:17:20,task_2_scene0002,Loitering / Lingering,0.4157,0.584,YES
2026-09-01 20:17:20,task_2_scene0002,Loitering / Lingering,0.4457,0.554,YES
2026-09-01 20:17:20,task_2_scene0002,Entering Vehicle,0.6618,0.265,NO
2026-09-01 20:17:20,task_2_scene0002,Loitering / Lingering,0.4295,0.57,YES
2026-09-01 20:17:20,task_2_scene0002,Loitering / Lingering,0.4049,0.595,YES
2026-09-01 20:17:20,task_2_scene0002,Entering Vehicle,0.9932,0.397,NO
2026-09-01 20:17:20,task_2_scene0002,Entering Vehicle,0.9968,0.399,NO
2026-09-01 20:17:20,task_2_scene0002,Exiting Vehicle,0.4385,0.175,NO
2026-09-01 20:17:20,task_2_scene0002,Loitering / Lingering,0.4441,0.556,YES
2026-09-01 20:17:20,task_2_scene0002,Entering Vehicle,0.5419,0.217,NO
2026-09-01 20:17:20,task_2_scene0002,Entering Vehicle,0.9716,0.389,NO
2026-09-01 20:17:20,task_2_scene0002,Entering Vehicle,0.9963,0.399,NO
2026-09-01 20:17:20,task_2_scene0002,Entering Vehicle,0.5506,0.22,NO
2026-09-01 20:17:20,task_2_scene0002,Exiting Vehicle,0.3488,0.14,NO
2026-09-01 20:17:20,task_2_scene0002,Carrying / Unloading Object,0.4663,0.187,NO
2026-09-01 20:17:21,task_2_scene0002,Exiting Vehicle,0.3638,0.146,NO
2026-09-01 20:17:21,task_2_scene0002,Entering Vehicle,0.9968,0.399,NO
2026-09-01 20:17:21,task_2_scene0002,Entering Vehicle,0.9561,0.382,NO
2026-09-01 20:17:21,task_2_scene0002,Entering Vehicle,0.6037,0.241,NO
2026-09-01 20:17:21,task_2_scene0002,Loitering / Lingering,0.5379,0.462,NO
2026-09-01 20:17:21,task_2_scene0002,Entering Vehicle,0.5249,0.21,NO
2026-09-01 20:17:21,task_2_scene0002,Carrying / Unloading Object,0.4315,0.173,NO
2026-09-01 20:17:21,task_2_scene0002,Exiting Vehicle,0.334,0.134,NO
2026-09-01 20:17:21,task_2_scene0002,Entering Vehicle,0.4613,0.185,NO
2026-09-01 20:17:21,task_2_scene0002,Loitering / Lingering,0.4481,0.552,YES
2026-09-01 20:17:21,task_2_scene0002,Carrying / Unloading Object,0.4388,0.176,NO
2026-09-01 20:17:21,task_2_scene0002,Carrying / Unloading Object,0.5627,0.225,NO
2026-09-01 20:17:21,task_2_scene0002,Entering Vehicle,0.5446,0.218,NO
2026-09-01 20:17:21,task_2_scene0002,Exiting Vehicle,0.4534,0.181,NO
2026-09-01 20:17:21,task_2_scene0002,Carrying / Unloading Object,0.5144,0.206,NO
2026-09-01 20:17:21,task_2_scene0002,Carrying / Unloading Object,0.4905,0.196,NO
2026-09-01 20:17:22,task_2_scene0002,Exiting Vehicle,0.3689,0.148,NO
2026-09-01 20:17:22,task_2_scene0002,Exiting Vehicle,0.5556,0.222,NO
2026-09-01 20:17:22,task_2_scene0002,Exiting Vehicle,0.4722,0.189,NO
2026-09-01 20:17:22,task_2_scene0002,Loitering / Lingering,0.4322,0.568,YES
2026-09-01 20:17:22,task_2_scene0002,Entering Vehicle,0.5724,0.229,NO
2026-09-01 20:17:22,task_2_scene0002,Exiting Vehicle,0.387,0.155,NO
2026-09-01 20:17:22,task_2_scene0002,Exiting Vehicle,0.3999,0.16,NO
2026-09-01 20:17:22,task_2_scene0002,Loitering / Lingering,0.6267,0.373,NO
2026-09-01 20:17:22,task_2_scene0002,Entering Vehicle,0.5419,0.217,NO
2026-09-01 20:17:22,task_2_scene0002,Entering Vehicle,0.9973,0.399,NO
2026-09-01 20:17:22,task_2_scene0002,Loitering / Lingering,0.5049,0.495,NO
2026-09-01 20:17:22,task_2_scene0002,Entering Vehicle,0.5677,0.227,NO
2026-09-01 20:17:22,task_2_scene0002,Normal Pedestrian Motion,0.4861,0.194,NO
2026-09-01 20:17:22,task_2_scene0002,Carrying / Unloading Object,0.4812,0.192,NO
2026-09-01 20:17:22,task_2_scene0002,Entering Vehicle,0.9963,0.399,NO
2026-09-01 20:17:22,task_2_scene0002,Carrying / Unloading Object,0.4968,0.199,NO
2026-09-01 20:17:22,task_2_scene0002,Exiting Vehicle,0.4351,0.174,NO
2026-09-01 20:17:22,task_2_scene0002,Normal Pedestrian Motion,0.5188,0.208,NO
2026-09-01 20:17:22,task_2_scene0002,Carrying / Unloading Object,0.5066,0.203,NO
2026-09-01 20:17:22,task_2_scene0002,Loitering / Lingering,0.2975,0.702,YES
2026-09-01 20:17:22,task_2_scene0002,Exiting Vehicle,0.4895,0.196,NO
2026-09-01 20:17:22,task_2_scene0002,Entering Vehicle,0.5712,0.228,NO
2026-09-01 20:17:22,task_2_scene0002,Exiting Vehicle,0.563,0.225,NO
2026-09-01 20:17:22,task_2_scene0002,Entering Vehicle,0.593,0.237,NO
2026-09-01 20:17:22,task_2_scene0002,Carrying / Unloading Object,0.5254,0.21,NO
2026-09-01 20:17:22,task_2_scene0002,Exiting Vehicle,0.3352,0.134,NO
2026-09-01 20:17:22,task_2_scene0002,Entering Vehicle,0.664,0.266,NO
2026-09-01 20:17:22,task_2_scene0002,Exiting Vehicle,0.3694,0.148,NO
2026-09-01 20:17:22,task_2_scene0002,Entering Vehicle,0.582,0.233,NO
2026-09-01 20:17:22,task_2_scene0002,Entering Vehicle,0.5748,0.23,NO
2026-09-01 20:17:22,task_2_scene0002,Exiting Vehicle,0.3697,0.148,NO
2026-09-01 20:17:22,task_2_scene0002,Normal Pedestrian Motion,0.5444,0.218,NO
2026-09-01 20:17:23,task_2_scene0002,Entering Vehicle,0.5351,0.214,NO
2026-09-01 20:17:23,task_2_scene0002,Entering Vehicle,0.9968,0.399,NO
2026-09-01 20:17:23,task_2_scene0002,Entering Vehicle,0.9929,0.397,NO
2026-09-01 20:17:23,task_2_scene0002,Entering Vehicle,0.9922,0.397,NO
2026-09-01 20:17:23,task_2_scene0002,Entering Vehicle,0.9969,0.399,NO
2026-09-01 20:17:23,task_2_scene0002,Entering Vehicle,0.9919,0.397,NO
2026-09-01 20:17:23,task_2_scene0002,Carrying / Unloading Object,0.5203,0.208,NO
2026-09-01 20:17:23,task_2_scene0002,Exiting Vehicle,0.4098,0.164,NO
2026-09-01 20:17:23,task_2_scene0002,Carrying / Unloading Object,0.5542,0.222,NO
2026-09-01 20:17:23,task_2_scene0002,Entering Vehicle,0.5577,0.223,NO
2026-09-01 20:17:23,task_2_scene0002,Entering Vehicle,0.4792,0.192,NO
2026-09-01 20:17:23,task_2_scene0002,Entering Vehicle,0.9983,0.399,NO
2026-09-01 20:17:23,task_2_scene0002,Exiting Vehicle,0.5464,0.219,NO
2026-09-01 20:17:23,task_2_scene0002,Exiting Vehicle,0.4746,0.19,NO
2026-09-01 20:17:23,task_2_scene0002,Entering Vehicle,0.9917,0.397,NO
2026-09-01 20:17:23,task_2_scene0002,Loitering / Lingering,0.4973,0.503,NO
2026-09-01 20:17:23,task_2_scene0002,Entering Vehicle,0.9964,0.399,NO
2026-09-01 20:17:23,task_2_scene0002,Exiting Vehicle,0.3649,0.146,NO
2026-09-01 20:17:23,task_2_scene0002,Loitering / Lingering,0.3918,0.608,YES
2026-09-01 20:17:23,task_2_scene0002,Exiting Vehicle,0.4887,0.195,NO
2026-09-01 20:17:23,task_2_scene0002,Exiting Vehicle,0.4562,0.182,NO
2026-09-01 20:17:23,task_2_scene0002,Entering Vehicle,0.9907,0.396,NO
2026-09-01 20:17:23,task_2_scene0002,Loitering / Lingering,0.4497,0.55,NO
2026-09-01 20:17:23,task_2_scene0002,Entering Vehicle,0.9892,0.396,NO
2026-09-01 20:17:23,task_2_scene0002,Entering Vehicle,0.9963,0.399,NO
2026-09-01 20:17:23,task_2_scene0002,Exiting Vehicle,0.3352,0.134,NO
2026-09-01 20:17:23,task_2_scene0002,Entering Vehicle,0.511,0.204,NO
2026-09-01 20:17:23,task_2_scene0002,Loitering / Lingering,0.6173,0.383,NO
2026-09-01 20:17:23,task_2_scene0002,Loitering / Lingering,0.4568,0.543,NO
2026-09-01 20:17:23,task_2_scene0002,Carrying / Unloading Object,0.5332,0.213,NO
2026-09-01 20:17:23,task_2_scene0002,Loitering / Lingering,0.4282,0.572,YES
2026-09-01 20:17:23,task_2_scene0002,Loitering / Lingering,0.4156,0.584,YES
2026-09-01 20:17:24,task_2_scene0002,Exiting Vehicle,0.3455,0.138,NO
2026-09-01 20:17:24,task_2_scene0002,Entering Vehicle,0.9969,0.399,NO
2026-09-01 20:17:24,task_2_scene0002,Carrying / Unloading Object,0.439,0.176,NO
2026-09-01 20:17:24,task_2_scene0002,Loitering / Lingering,0.4257,0.574,YES
2026-09-01 20:17:24,task_2_scene0002,Exiting Vehicle,0.3428,0.137,NO
2026-09-01 20:17:24,task_2_scene0002,Entering Vehicle,0.9971,0.399,NO
2026-09-01 20:17:24,task_2_scene0002,Loitering / Lingering,0.4266,0.573,YES
2026-09-01 20:17:24,task_2_scene0002,Exiting Vehicle,0.3496,0.14,NO
2026-09-01 20:17:24,task_2_scene0002,Carrying / Unloading Object,0.5353,0.214,NO
2026-09-01 20:17:24,task_2_scene0002,Entering Vehicle,0.557,0.223,NO
2026-09-01 20:17:24,task_2_scene0002,Carrying / Unloading Object,0.4562,0.182,NO
2026-09-01 20:17:24,task_2_scene0002,Entering Vehicle,0.5804,0.232,NO
2026-09-01 20:17:24,task_2_scene0002,Exiting Vehicle,0.5327,0.213,NO
2026-09-01 20:17:24,task_2_scene0002,Exiting Vehicle,0.4531,0.181,NO
2026-09-01 20:17:24,task_2_scene0002,Exiting Vehicle,0.5339,0.214,NO
2026-09-01 20:17:24,task_2_scene0002,Exiting Vehicle,0.4844,0.194,NO
2026-09-01 20:17:24,task_2_scene0002,Carrying / Unloading Object,0.47,0.188,NO
2026-09-01 20:17:24,task_2_scene0002,Carrying / Unloading Object,0.4656,0.186,NO
2026-09-01 20:17:24,task_2_scene0002,Entering Vehicle,0.431,0.172,NO
2026-09-01 20:17:24,task_2_scene0002,Exiting Vehicle,0.4025,0.161,NO
2026-09-01 20:17:24,task_2_scene0002,Loitering / Lingering,0.4227,0.577,YES
2026-09-01 20:17:24,task_2_scene0002,Loitering / Lingering,0.4415,0.558,YES
2026-09-01 20:17:24,task_2_scene0002,Loitering / Lingering,0.5914,0.409,NO
2026-09-01 20:17:24,task_2_scene0002,Exiting Vehicle,0.4837,0.193,NO
2026-09-01 20:17:24,task_2_scene0002,Entering Vehicle,0.9867,0.395,NO
2026-09-01 20:17:24,task_2_scene0002,Loitering / Lingering,0.3214,0.679,YES
2026-09-01 20:17:24,task_2_scene0002,Loitering / Lingering,0.4412,0.559,YES
2026-09-01 20:17:24,task_2_scene0002,Carrying / Unloading Object,0.51,0.204,NO
2026-09-01 20:17:24,task_2_scene0002,Carrying / Unloading Object,0.5482,0.219,NO
2026-09-01 20:17:24,task_2_scene0002,Entering Vehicle,0.6455,0.258,NO
2026-09-01 20:17:24,task_2_scene0002,Entering Vehicle,0.9968,0.399,NO
2026-09-01 20:17:24,task_2_scene0002,Exiting Vehicle,0.4191,0.168,NO
2026-09-01 20:17:25,task_2_scene0002,Entering Vehicle,0.5411,0.216,NO
2026-09-01 20:17:25,task_2_scene0002,Exiting Vehicle,0.4474,0.179,NO
2026-09-01 20:17:25,task_2_scene0002,Entering Vehicle,0.5784,0.231,NO
2026-09-01 20:17:25,task_2_scene0002,Carrying / Unloading Object,0.5428,0.217,NO
2026-09-01 20:17:25,task_2_scene0002,Entering Vehicle,0.449,0.18,NO
2026-09-01 20:17:25,task_2_scene0002,Entering Vehicle,0.9963,0.399,NO
2026-09-01 20:17:25,task_2_scene0002,Entering Vehicle,0.9963,0.399,NO
2026-09-01 20:17:25,task_2_scene0002,Loitering / Lingering,0.6315,0.368,NO
2026-09-01 20:17:25,task_2_scene0002,Carrying / Unloading Object,0.4732,0.189,NO
2026-09-01 20:17:25,task_2_scene0002,Exiting Vehicle,0.559,0.224,NO
2026-09-01 20:17:25,task_2_scene0002,Exiting Vehicle,0.4371,0.175,NO
2026-09-01 20:17:25,task_2_scene0002,Loitering / Lingering,0.4593,0.541,NO
2026-09-01 20:17:25,task_2_scene0002,Entering Vehicle,0.9937,0.397,NO
2026-09-01 20:17:25,task_2_scene0002,Entering Vehicle,0.9989,0.4,NO
2026-09-01 20:17:25,task_2_scene0002,Exiting Vehicle,0.5756,0.23,NO
2026-09-01 20:17:25,task_2_scene0002,Entering Vehicle,0.9959,0.398,NO
2026-09-01 20:17:26,task_2_scene0002,Entering Vehicle,0.9973,0.399,NO
2026-09-01 20:17:26,task_2_scene0002,Carrying / Unloading Object,0.505,0.202,NO
2026-09-01 20:17:26,task_2_scene0002,Entering Vehicle,0.5268,0.211,NO
2026-09-01 20:17:26,task_2_scene0002,Entering Vehicle,0.5693,0.228,NO
2026-09-01 20:17:26,task_2_scene0002,Entering Vehicle,0.4496,0.18,NO
2026-09-01 20:17:26,task_2_scene0002,Loitering / Lingering,0.4395,0.56,YES
2026-09-01 20:17:26,task_2_scene0002,Entering Vehicle,0.9963,0.399,NO
2026-09-01 20:17:26,task_2_scene0002,Normal Pedestrian Motion,0.4936,0.197,NO
2026-09-01 20:17:26,task_2_scene0002,Carrying / Unloading Object,0.4599,0.184,NO
2026-09-01 20:17:26,task_2_scene0002,Loitering / Lingering,0.4491,0.551,YES
2026-09-01 20:17:26,task_2_scene0002,Exiting Vehicle,0.4914,0.197,NO
2026-09-01 20:17:26,task_2_scene0002,Loitering / Lingering,0.466,0.534,NO
2026-09-01 20:17:26,task_2_scene0002,Normal Pedestrian Motion,0.5339,0.214,NO
2026-09-01 20:17:26,task_2_scene0002,Exiting Vehicle,0.4952,0.198,NO
2026-09-01 20:17:26,task_2_scene0002,Entering Vehicle,0.6521,0.261,NO
2026-09-01 20:17:26,task_2_scene0002,Entering Vehicle,0.7129,0.285,NO
2026-09-01 20:17:26,task_2_scene0002,Carrying / Unloading Object,0.4731,0.189,NO
2026-09-01 20:17:26,task_2_scene0002,Carrying / Unloading Object,0.5415,0.217,NO
2026-09-01 20:17:26,task_2_scene0002,Exiting Vehicle,0.4557,0.182,NO
2026-09-01 20:17:26,task_2_scene0002,Entering Vehicle,0.9916,0.397,NO
2026-09-01 20:17:26,task_2_scene0002,Exiting Vehicle,0.4881,0.195,NO
2026-09-01 20:17:26,task_2_scene0002,Carrying / Unloading Object,0.4674,0.187,NO
2026-09-01 20:17:26,task_2_scene0002,Entering Vehicle,0.9049,0.362,NO
2026-09-01 20:17:26,task_2_scene0002,Carrying / Unloading Object,0.455,0.182,NO
2026-09-01 20:17:26,task_2_scene0002,Loitering / Lingering,0.5873,0.413,NO
2026-09-01 20:17:26,task_2_scene0002,Entering Vehicle,0.6503,0.26,NO
2026-09-01 20:17:26,task_2_scene0002,Exiting Vehicle,0.3391,0.136,NO
2026-09-01 20:17:26,task_2_scene0002,Exiting Vehicle,0.5621,0.225,NO
2026-09-01 20:17:26,task_2_scene0002,Loitering / Lingering,0.4465,0.553,YES
2026-09-01 20:17:26,task_2_scene0002,Exiting Vehicle,0.3742,0.15,NO
2026-09-01 20:17:26,task_2_scene0002,Entering Vehicle,0.9929,0.397,NO
2026-09-01 20:17:26,task_2_scene0002,Entering Vehicle,0.4505,0.18,NO
2026-09-01 20:17:27,task_2_scene0002,Loitering / Lingering,0.4445,0.556,YES
2026-09-01 20:17:27,task_2_scene0002,Exiting Vehicle,0.3424,0.137,NO
2026-09-01 20:17:27,task_2_scene0002,Entering Vehicle,0.5443,0.218,NO
2026-09-01 20:17:27,task_2_scene0002,Exiting Vehicle,0.5197,0.208,NO
2026-09-01 20:17:27,task_2_scene0002,Entering Vehicle,0.5941,0.238,NO
2026-09-01 20:17:27,task_2_scene0002,Exiting Vehicle,0.3434,0.137,NO
2026-09-01 20:17:27,task_2_scene0002,Exiting Vehicle,0.4023,0.161,NO
2026-09-01 20:17:27,task_2_scene0002,Exiting Vehicle,0.3634,0.145,NO
2026-09-01 20:17:27,task_2_scene0002,Carrying / Unloading Object,0.5571,0.223,NO
2026-09-01 20:17:27,task_2_scene0002,Exiting Vehicle,0.4594,0.184,NO
2026-09-01 20:17:27,task_2_scene0002,Exiting Vehicle,0.3912,0.156,NO
2026-09-01 20:17:27,task_2_scene0002,Exiting Vehicle,0.458,0.183,NO
2026-09-01 20:17:27,task_2_scene0002,Loitering / Lingering,0.4541,0.546,NO
2026-09-01 20:17:27,task_2_scene0002,Entering Vehicle,0.9975,0.399,NO
2026-09-01 20:17:27,task_2_scene0002,Carrying / Unloading Object,0.4751,0.19,NO
2026-09-01 20:17:27,task_2_scene0002,Entering Vehicle,0.6407,0.256,NO
2026-09-01 20:17:27,task_2_scene0002,Exiting Vehicle,0.4973,0.199,NO
2026-09-01 20:17:27,task_2_scene0002,Exiting Vehicle,0.4821,0.193,NO
2026-09-01 20:17:27,task_2_scene0002,Carrying / Unloading Object,0.644,0.258,NO
2026-09-01 20:17:27,task_2_scene0002,Entering Vehicle,0.67,0.268,NO
2026-09-01 20:17:27,task_2_scene0002,Exiting Vehicle,0.5234,0.209,NO
2026-09-01 20:17:27,task_2_scene0002,Exiting Vehicle,0.5198,0.208,NO
2026-09-01 20:17:27,task_2_scene0002,Entering Vehicle,0.9555,0.382,NO
2026-09-01 20:17:27,task_2_scene0002,Entering Vehicle,0.9965,0.399,NO
2026-09-01 20:17:27,task_2_scene0002,Entering Vehicle,0.5744,0.23,NO
2026-09-01 20:17:27,task_2_scene0002,Exiting Vehicle,0.4979,0.199,NO
2026-09-01 20:17:27,task_2_scene0002,Entering Vehicle,0.6135,0.245,NO
2026-09-01 20:17:27,task_2_scene0002,Exiting Vehicle,0.4913,0.197,NO
2026-09-01 20:17:27,task_2_scene0002,Exiting Vehicle,0.3685,0.147,NO
2026-09-01 20:17:27,task_2_scene0002,Entering Vehicle,0.9969,0.399,NO
2026-09-01 20:17:27,task_2_scene0002,Entering Vehicle,0.4847,0.194,NO
2026-09-01 20:17:27,task_2_scene0002,Entering Vehicle,0.9986,0.399,NO
2026-09-01 20:17:28,task_2_scene0002,Entering Vehicle,0.4121,0.165,NO
2026-09-01 20:17:28,task_2_scene0002,Carrying / Unloading Object,0.5081,0.203,NO
2026-09-01 20:17:28,task_2_scene0002,Entering Vehicle,0.5612,0.224,NO
2026-09-01 20:17:28,task_2_scene0002,Carrying / Unloading Object,0.4364,0.175,NO
2026-09-01 20:17:28,task_2_scene0002,Entering Vehicle,0.5702,0.228,NO
2026-09-01 20:17:28,task_2_scene0002,Carrying / Unloading Object,0.4369,0.175,NO
2026-09-01 20:17:28,task_2_scene0002,Exiting Vehicle,0.5339,0.214,NO
2026-09-01 20:17:28,task_2_scene0002,Entering Vehicle,0.9932,0.397,NO
2026-09-01 20:17:28,task_2_scene0002,Entering Vehicle,0.9909,0.396,NO
2026-09-01 20:17:28,task_2_scene0002,Loitering / Lingering,0.4231,0.577,YES
2026-09-01 20:17:28,task_2_scene0002,Entering Vehicle,0.6719,0.269,NO
2026-09-01 20:17:28,task_2_scene0002,Entering Vehicle,0.9212,0.368,NO
2026-09-01 20:17:28,task_2_scene0002,Carrying / Unloading Object,0.4768,0.191,NO
2026-09-01 20:17:28,task_2_scene0002,Carrying / Unloading Object,0.5162,0.206,NO
2026-09-01 20:17:28,task_2_scene0002,Entering Vehicle,0.5755,0.23,NO
2026-09-01 20:17:28,task_2_scene0002,Loitering / Lingering,0.5714,0.429,NO
2026-09-01 20:17:29,task_2_scene0002,Carrying / Unloading Object,0.5131,0.205,NO
2026-09-01 20:17:29,task_2_scene0002,Loitering / Lingering,0.5788,0.421,NO
2026-09-01 20:17:29,task_2_scene0002,Entering Vehicle,0.9935,0.397,NO
2026-09-01 20:17:29,task_2_scene0002,Entering Vehicle,0.5571,0.223,NO
2026-09-01 20:17:29,task_2_scene0002,Loitering / Lingering,0.4409,0.559,YES
2026-09-01 20:17:29,task_2_scene0002,Entering Vehicle,0.5389,0.216,NO
2026-09-01 20:17:29,task_2_scene0002,Carrying / Unloading Object,0.5838,0.234,NO
2026-09-01 20:17:29,task_2_scene0002,Loitering / Lingering,0.5104,0.49,NO
2026-09-01 20:17:29,task_2_scene0002,Exiting Vehicle,0.349,0.14,NO
2026-09-01 20:17:29,task_2_scene0002,Carrying / Unloading Object,0.5262,0.21,NO
2026-09-01 20:17:29,task_2_scene0002,Entering Vehicle,0.9868,0.395,NO
2026-09-01 20:17:29,task_2_scene0002,Carrying / Unloading Object,0.5135,0.205,NO
2026-09-01 20:17:29,task_2_scene0002,Carrying / Unloading Object,0.4751,0.19,NO
2026-09-01 20:17:29,task_2_scene0002,Entering Vehicle,0.72,0.288,NO
2026-09-01 20:17:29,task_2_scene0002,Carrying / Unloading Object,0.4846,0.194,NO
2026-09-01 20:17:29,task_2_scene0002,Entering Vehicle,0.9956,0.398,NO
2026-09-01 20:17:29,task_2_scene0002,Loitering / Lingering,0.4289,0.571,YES
2026-09-01 20:17:29,task_2_scene0002,Exiting Vehicle,0.4848,0.194,NO
2026-09-01 20:17:29,task_2_scene0002,Exiting Vehicle,0.4437,0.177,NO
2026-09-01 20:17:29,task_2_scene0002,Loitering / Lingering,0.4144,0.586,YES
2026-09-01 20:17:29,task_2_scene0002,Exiting Vehicle,0.3622,0.145,NO
2026-09-01 20:17:29,task_2_scene0002,Normal Pedestrian Motion,0.5117,0.205,NO
2026-09-01 20:17:29,task_2_scene0002,Entering Vehicle,0.9969,0.399,NO
2026-09-01 20:17:29,task_2_scene0002,Carrying / Unloading Object,0.4698,0.188,NO
2026-09-01 20:17:29,task_2_scene0002,Loitering / Lingering,0.446,0.554,YES
2026-09-01 20:17:29,task_2_scene0002,Entering Vehicle,0.5943,0.238,NO
2026-09-01 20:17:29,task_2_scene0002,Exiting Vehicle,0.5203,0.208,NO
2026-09-01 20:17:29,task_2_scene0002,Entering Vehicle,0.9929,0.397,NO
2026-09-01 20:17:29,task_2_scene0002,Entering Vehicle,0.6128,0.245,NO
2026-09-01 20:17:29,task_2_scene0002,Exiting Vehicle,0.5462,0.218,NO
2026-09-01 20:17:29,task_2_scene0002,Entering Vehicle,0.9914,0.397,NO
2026-09-01 20:17:29,task_2_scene0002,Exiting Vehicle,0.4543,0.182,NO
2026-09-01 20:17:30,task_2_scene0002,Carrying / Unloading Object,0.5076,0.203,NO
2026-09-01 20:17:30,task_2_scene0002,Entering Vehicle,0.9977,0.399,NO
2026-09-01 20:17:30,task_2_scene0002,Loitering / Lingering,0.5175,0.483,NO
2026-09-01 20:17:30,task_2_scene0002,Entering Vehicle,0.6634,0.265,NO
2026-09-01 20:17:30,task_2_scene0002,Entering Vehicle,0.5182,0.207,NO
2026-09-01 20:17:30,task_2_scene0002,Carrying / Unloading Object,0.4391,0.176,NO
2026-09-01 20:17:30,task_2_scene0002,Entering Vehicle,0.9983,0.399,NO
2026-09-01 20:17:30,task_2_scene0002,Entering Vehicle,0.9905,0.396,NO
2026-09-01 20:17:30,task_2_scene0002,Entering Vehicle,0.9914,0.397,NO
2026-09-01 20:17:30,task_2_scene0002,Exiting Vehicle,0.5319,0.213,NO
2026-09-01 20:17:30,task_2_scene0002,Exiting Vehicle,0.4149,0.166,NO
2026-09-01 20:17:30,task_2_scene0002,Exiting Vehicle,0.3829,0.153,NO
2026-09-01 20:17:30,task_2_scene0002,Loitering / Lingering,0.6191,0.381,NO
2026-09-01 20:17:30,task_2_scene0002,Entering Vehicle,0.9213,0.369,NO
2026-09-01 20:17:30,task_2_scene0002,Loitering / Lingering,0.4274,0.573,YES
2026-09-01 20:17:30,task_2_scene0002,Entering Vehicle,0.5714,0.229,NO
2026-09-01 20:17:30,task_2_scene0002,Entering Vehicle,0.9974,0.399,NO
2026-09-01 20:17:30,task_2_scene0002,Loitering / Lingering,0.4269,0.573,YES
2026-09-01 20:17:30,task_2_scene0002,Loitering / Lingering,0.5956,0.404,NO
2026-09-01 20:17:30,task_2_scene0002,Carrying / Unloading Object,0.4374,0.175,NO
2026-09-01 20:17:30,task_2_scene0002,Carrying / Unloading Object,0.4684,0.187,NO
2026-09-01 20:17:30,task_2_scene0002,Entering Vehicle,0.7057,0.282,NO
2026-09-01 20:17:30,task_2_scene0002,Entering Vehicle,0.9917,0.397,NO
2026-09-01 20:17:30,task_2_scene0002,Carrying / Unloading Object,0.4369,0.175,NO
2026-09-01 20:17:30,task_2_scene0002,Exiting Vehicle,0.3525,0.141,NO
2026-09-01 20:17:30,task_2_scene0002,Entering Vehicle,0.54,0.216,NO
2026-09-01 20:17:30,task_2_scene0002,Entering Vehicle,0.5889,0.236,NO
2026-09-01 20:17:30,task_2_scene0002,Entering Vehicle,0.6331,0.253,NO
2026-09-01 20:17:30,task_2_scene0002,Loitering / Lingering,0.4377,0.562,YES
2026-09-01 20:17:30,task_2_scene0002,Exiting Vehicle,0.4247,0.17,NO
2026-09-01 20:17:30,task_2_scene0002,Entering Vehicle,0.6879,0.275,NO
2026-09-01 20:17:30,task_2_scene0002,Carrying / Unloading Object,0.4498,0.18,NO
2026-09-01 20:17:31,task_2_scene0002,Carrying / Unloading Object,0.5153,0.206,NO
2026-09-01 20:17:31,task_2_scene0002,Entering Vehicle,0.9893,0.396,NO
2026-09-01 20:17:31,task_2_scene0002,Exiting Vehicle,0.3665,0.147,NO
2026-09-01 20:17:31,task_2_scene0002,Carrying / Unloading Object,0.6251,0.25,NO
2026-09-01 20:17:31,task_2_scene0002,Entering Vehicle,0.9926,0.397,NO
2026-09-01 20:17:31,task_2_scene0002,Entering Vehicle,0.6744,0.27,NO
2026-09-01 20:17:31,task_2_scene0002,Entering Vehicle,0.9974,0.399,NO
2026-09-01 20:17:31,task_2_scene0002,Entering Vehicle,0.9873,0.395,NO
2026-09-01 20:17:31,task_2_scene0002,Loitering / Lingering,0.5964,0.404,NO
2026-09-01 20:17:31,task_2_scene0002,Entering Vehicle,0.9909,0.396,NO
2026-09-01 20:17:31,task_2_scene0002,Carrying / Unloading Object,0.4987,0.199,NO
2026-09-01 20:17:31,task_2_scene0002,Entering Vehicle,0.686,0.274,NO
2026-09-01 20:17:31,task_2_scene0002,Loitering / Lingering,0.4726,0.527,NO
2026-09-01 20:17:31,task_2_scene0002,Loitering / Lingering,0.4882,0.512,NO
2026-09-01 20:17:31,task_2_scene0002,Carrying / Unloading Object,0.4549,0.182,NO
2026-09-01 20:17:31,task_2_scene0002,Entering Vehicle,0.5791,0.232,NO
2026-09-01 20:17:31,task_2_scene0002,Entering Vehicle,0.9904,0.396,NO
2026-09-01 20:17:31,task_2_scene0002,Loitering / Lingering,0.473,0.527,NO
2026-09-01 20:17:31,task_2_scene0002,Entering Vehicle,0.9892,0.396,NO
2026-09-01 20:17:31,task_2_scene0002,Exiting Vehicle,0.5244,0.21,NO
2026-09-01 20:17:31,task_2_scene0002,Entering Vehicle,0.9872,0.395,NO
2026-09-01 20:17:31,task_2_scene0002,Exiting Vehicle,0.3907,0.156,NO
2026-09-01 20:17:31,task_2_scene0002,Exiting Vehicle,0.4321,0.173,NO
2026-09-01 20:17:31,task_2_scene0002,Exiting Vehicle,0.5575,0.223,NO
2026-09-01 20:17:31,task_2_scene0002,Entering Vehicle,0.617,0.247,NO
2026-09-01 20:17:31,task_2_scene0002,Exiting Vehicle,0.4979,0.199,NO
2026-09-01 20:17:31,task_2_scene0002,Exiting Vehicle,0.4065,0.163,NO
2026-09-01 20:17:31,task_2_scene0002,Exiting Vehicle,0.3311,0.132,NO
2026-09-01 20:17:31,task_2_scene0002,Exiting Vehicle,0.4455,0.178,NO
2026-09-01 20:17:31,task_2_scene0002,Entering Vehicle,0.6307,0.252,NO
2026-09-01 20:17:31,task_2_scene0002,Carrying / Unloading Object,0.5029,0.201,NO
2026-09-01 20:17:31,task_2_scene0002,Carrying / Unloading Object,0.4977,0.199,NO
2026-09-01 20:17:32,task_2_scene0002,Exiting Vehicle,0.5267,0.211,NO
2026-09-01 20:17:32,task_2_scene0002,Entering Vehicle,0.6922,0.277,NO
2026-09-01 20:17:32,task_2_scene0002,Entering Vehicle,0.9964,0.399,NO
2026-09-01 20:17:32,task_2_scene0002,Entering Vehicle,0.9526,0.381,NO
2026-09-01 20:17:32,task_2_scene0002,Loitering / Lingering,0.6261,0.374,NO
2026-09-01 20:17:32,task_2_scene0002,Exiting Vehicle,0.5529,0.221,NO
2026-09-01 20:17:32,task_2_scene0002,Entering Vehicle,0.5683,0.227,NO
2026-09-01 20:17:32,task_2_scene0002,Entering Vehicle,0.9909,0.396,NO
2026-09-01 20:17:32,task_2_scene0002,Loitering / Lingering,0.6354,0.365,NO
2026-09-01 20:17:32,task_2_scene0002,Carrying / Unloading Object,0.5209,0.208,NO
2026-09-01 20:17:32,task_2_scene0002,Exiting Vehicle,0.5192,0.208,NO
2026-09-01 20:17:32,task_2_scene0002,Entering Vehicle,0.9347,0.374,NO
2026-09-01 20:17:32,task_2_scene0002,Entering Vehicle,0.6563,0.263,NO
2026-09-01 20:17:32,task_2_scene0002,Carrying / Unloading Object,0.5181,0.207,NO
2026-09-01 20:17:32,task_2_scene0002,Exiting Vehicle,0.3629,0.145,NO
2026-09-01 20:17:32,task_2_scene0002,Entering Vehicle,0.9947,0.398,NO
2026-09-01 20:17:32,task_2_scene0002,Carrying / Unloading Object,0.5117,0.205,NO
2026-09-01 20:17:32,task_2_scene0002,Loitering / Lingering,0.5127,0.487,NO
2026-09-01 20:17:32,task_2_scene0002,Exiting Vehicle,0.3428,0.137,NO
2026-09-01 20:17:32,task_2_scene0002,Entering Vehicle,0.6169,0.247,NO
2026-09-01 20:17:32,task_2_scene0002,Entering Vehicle,0.5747,0.23,NO
2026-09-01 20:17:32,task_2_scene0002,Carrying / Unloading Object,0.524,0.21,NO
2026-09-01 20:17:32,task_2_scene0002,Entering Vehicle,0.5456,0.218,NO
2026-09-01 20:17:32,task_2_scene0002,Exiting Vehicle,0.4934,0.197,NO
2026-09-01 20:17:32,task_2_scene0002,Carrying / Unloading Object,0.4985,0.199,NO
2026-09-01 20:17:32,task_2_scene0002,Entering Vehicle,0.6216,0.249,NO
2026-09-01 20:17:32,task_2_scene0002,Entering Vehicle,0.5481,0.219,NO
2026-09-01 20:17:32,task_2_scene0002,Carrying / Unloading Object,0.5127,0.205,NO
2026-09-01 20:17:32,task_2_scene0002,Entering Vehicle,0.5385,0.215,NO
2026-09-01 20:17:32,task_2_scene0002,Entering Vehicle,0.4306,0.172,NO
2026-09-01 20:17:32,task_2_scene0002,Exiting Vehicle,0.3766,0.151,NO
2026-09-01 20:17:32,task_2_scene0002,Exiting Vehicle,0.3679,0.147,NO
2026-09-01 20:17:33,task_2_scene0002,Entering Vehicle,0.5784,0.231,NO
2026-09-01 20:17:33,task_2_scene0002,Exiting Vehicle,0.3718,0.149,NO
2026-09-01 20:17:33,task_2_scene0002,Entering Vehicle,0.9963,0.399,NO
2026-09-01 20:17:33,task_2_scene0002,Exiting Vehicle,0.3426,0.137,NO
2026-09-01 20:17:33,task_2_scene0002,Entering Vehicle,0.6434,0.257,NO
2026-09-01 20:17:33,task_2_scene0002,Loitering / Lingering,0.383,0.617,YES
2026-09-01 20:17:33,task_2_scene0002,Carrying / Unloading Object,0.489,0.196,NO
2026-09-01 20:17:33,task_2_scene0002,Entering Vehicle,0.9966,0.399,NO
2026-09-01 20:17:33,task_2_scene0002,Entering Vehicle,0.5544,0.222,NO
2026-09-01 20:17:33,task_2_scene0002,Entering Vehicle,0.9117,0.365,NO
2026-09-01 20:17:33,task_2_scene0002,Exiting Vehicle,0.5283,0.211,NO
2026-09-01 20:17:33,task_2_scene0002,Entering Vehicle,0.9577,0.383,NO
2026-09-01 20:17:33,task_2_scene0002,Loitering / Lingering,0.3989,0.601,YES
2026-09-01 20:17:33,task_2_scene0002,Entering Vehicle,0.9446,0.378,NO
2026-09-01 20:17:33,task_2_scene0002,Entering Vehicle,0.992,0.397,NO
2026-09-01 20:17:33,task_2_scene0002,Entering Vehicle,0.7191,0.288,NO
2026-09-01 20:17:33,task_2_scene0002,Carrying / Unloading Object,0.5102,0.204,NO
2026-09-01 20:17:33,task_2_scene0002,Loitering / Lingering,0.5056,0.494,NO
2026-09-01 20:17:33,task_2_scene0002,Entering Vehicle,0.9978,0.399,NO
2026-09-01 20:17:33,task_2_scene0002,Loitering / Lingering,0.4108,0.589,YES
2026-09-01 20:17:33,task_2_scene0002,Entering Vehicle,0.9977,0.399,NO
2026-09-01 20:17:33,task_2_scene0002,Entering Vehicle,0.4905,0.196,NO
2026-09-01 20:17:33,task_2_scene0002,Entering Vehicle,0.9969,0.399,NO
2026-09-01 20:17:33,task_2_scene0002,Exiting Vehicle,0.5652,0.226,NO
2026-09-01 20:17:33,task_2_scene0002,Entering Vehicle,0.9903,0.396,NO
2026-09-01 20:17:33,task_2_scene0002,Exiting Vehicle,0.522,0.209,NO
2026-09-01 20:17:33,task_2_scene0002,Exiting Vehicle,0.4419,0.177,NO
2026-09-01 20:17:33,task_2_scene0002,Entering Vehicle,0.9948,0.398,NO
2026-09-01 20:17:33,task_2_scene0002,Entering Vehicle,0.5967,0.239,NO
2026-09-01 20:17:33,task_2_scene0002,Exiting Vehicle,0.5431,0.217,NO
2026-09-01 20:17:33,task_2_scene0002,Loitering / Lingering,0.4988,0.501,NO
2026-09-01 20:17:33,task_2_scene0002,Entering Vehicle,0.5407,0.216,NO
2026-09-01 20:17:34,task_2_scene0002,Entering Vehicle,0.9987,0.399,NO
2026-09-01 20:17:34,task_2_scene0002,Loitering / Lingering,0.4888,0.511,NO
2026-09-01 20:17:34,task_2_scene0002,Loitering / Lingering,0.4098,0.59,YES
2026-09-01 20:17:34,task_2_scene0002,Exiting Vehicle,0.3375,0.135,NO
2026-09-01 20:17:34,task_2_scene0002,Exiting Vehicle,0.3824,0.153,NO
2026-09-01 20:17:34,task_2_scene0002,Carrying / Unloading Object,0.4863,0.195,NO
2026-09-01 20:17:34,task_2_scene0002,Entering Vehicle,0.9913,0.397,NO
2026-09-01 20:17:34,task_2_scene0002,Entering Vehicle,0.4341,0.174,NO
2026-09-01 20:17:34,task_2_scene0002,Loitering / Lingering,0.5631,0.437,NO
2026-09-01 20:17:34,task_2_scene0002,Carrying / Unloading Object,0.4443,0.178,NO
2026-09-01 20:17:34,task_2_scene0002,Carrying / Unloading Object,0.4698,0.188,NO
2026-09-01 20:17:34,task_2_scene0002,Loitering / Lingering,0.4644,0.536,NO
2026-09-01 20:17:34,task_2_scene0002,Entering Vehicle,0.9965,0.399,NO
2026-09-01 20:17:34,task_2_scene0002,Exiting Vehicle,0.4971,0.199,NO
2026-09-01 20:17:34,task_2_scene0002,Carrying / Unloading Object,0.5411,0.216,NO
2026-09-01 20:17:34,task_2_scene0002,Entering Vehicle,0.9957,0.398,NO
2026-09-01 20:17:35,task_2_scene0002,Exiting Vehicle,0.5279,0.211,NO
2026-09-01 20:17:35,task_2_scene0002,Loitering / Lingering,0.4247,0.575,YES
2026-09-01 20:17:35,task_2_scene0002,Loitering / Lingering,0.5194,0.481,NO
2026-09-01 20:17:35,task_2_scene0002,Entering Vehicle,0.9239,0.37,NO
2026-09-01 20:17:35,task_2_scene0002,Loitering / Lingering,0.4391,0.561,YES
2026-09-01 20:17:35,task_2_scene0002,Entering Vehicle,0.9961,0.398,NO
2026-09-01 20:17:35,task_2_scene0002,Exiting Vehicle,0.342,0.137,NO
2026-09-01 20:17:35,task_2_scene0002,Exiting Vehicle,0.5013,0.201,NO
2026-09-01 20:17:35,task_2_scene0002,Entering Vehicle,0.9914,0.397,NO
2026-09-01 20:17:35,task_2_scene0002,Exiting Vehicle,0.5161,0.206,NO
2026-09-01 20:17:35,task_2_scene0002,Exiting Vehicle,0.566,0.226,NO
2026-09-01 20:17:35,task_2_scene0002,Loitering / Lingering,0.6252,0.375,NO
2026-09-01 20:17:35,task_2_scene0002,Loitering / Lingering,0.5954,0.405,NO
2026-09-01 20:17:35,task_2_scene0002,Entering Vehicle,0.9885,0.395,NO
2026-09-01 20:17:35,task_2_scene0002,Entering Vehicle,0.5435,0.217,NO
2026-09-01 20:17:35,task_2_scene0002,Exiting Vehicle,0.4978,0.199,NO
2026-09-01 20:17:35,task_2_scene0002,Exiting Vehicle,0.3335,0.133,NO
2026-09-01 20:17:35,task_2_scene0002,Exiting Vehicle,0.5665,0.227,NO
2026-09-01 20:17:35,task_2_scene0002,Entering Vehicle,0.9909,0.396,NO
2026-09-01 20:17:35,task_2_scene0002,Loitering / Lingering,0.4669,0.533,NO
2026-09-01 20:17:35,task_2_scene0002,Loitering / Lingering,0.3248,0.675,YES
2026-09-01 20:17:35,task_2_scene0002,Loitering / Lingering,0.4208,0.579,YES
2026-09-01 20:17:35,task_2_scene0002,Entering Vehicle,0.996,0.398,NO
2026-09-01 20:17:35,task_2_scene0002,Loitering / Lingering,0.4401,0.56,YES
2026-09-01 20:17:35,task_2_scene0002,Loitering / Lingering,0.4376,0.562,YES
2026-09-01 20:17:35,task_2_scene0002,Entering Vehicle,0.49,0.196,NO
2026-09-01 20:17:35,task_2_scene0002,Carrying / Unloading Object,0.4403,0.176,NO
2026-09-01 20:17:35,task_2_scene0002,Entering Vehicle,0.4489,0.18,NO
2026-09-01 20:17:35,task_2_scene0002,Entering Vehicle,0.5685,0.227,NO
2026-09-01 20:17:35,task_2_scene0002,Carrying / Unloading Object,0.5212,0.208,NO
2026-09-01 20:17:35,task_2_scene0002,Loitering / Lingering,0.4196,0.58,YES
2026-09-01 20:17:35,task_2_scene0002,Normal Pedestrian Motion,0.5238,0.21,NO
2026-09-01 20:17:36,task_2_scene0002,Entering Vehicle,0.6796,0.272,NO
2026-09-01 20:17:36,task_2_scene0002,Entering Vehicle,0.9976,0.399,NO
2026-09-01 20:17:36,task_2_scene0002,Entering Vehicle,0.9961,0.398,NO
2026-09-01 20:17:36,task_2_scene0002,Exiting Vehicle,0.4075,0.163,NO
2026-09-01 20:17:36,task_2_scene0002,Carrying / Unloading Object,0.4603,0.184,NO
2026-09-01 20:17:36,task_2_scene0002,Carrying / Unloading Object,0.4841,0.194,NO
2026-09-01 20:17:36,task_2_scene0002,Loitering / Lingering,0.6469,0.353,NO
2026-09-01 20:17:36,task_2_scene0002,Carrying / Unloading Object,0.517,0.207,NO
2026-09-01 20:17:36,task_2_scene0002,Entering Vehicle,0.6586,0.263,NO
2026-09-01 20:17:36,task_2_scene0002,Entering Vehicle,0.9909,0.396,NO
2026-09-01 20:17:36,task_2_scene0002,Exiting Vehicle,0.5254,0.21,NO
2026-09-01 20:17:36,task_2_scene0002,Entering Vehicle,0.7404,0.296,NO
2026-09-01 20:17:36,task_2_scene0002,Exiting Vehicle,0.3849,0.154,NO
2026-09-01 20:17:36,task_2_scene0002,Exiting Vehicle,0.4418,0.177,NO
2026-09-01 20:17:36,task_2_scene0002,Entering Vehicle,0.9984,0.399,NO
2026-09-01 20:17:36,task_2_scene0002,Entering Vehicle,0.4085,0.163,NO
2026-09-01 20:17:36,task_2_scene0002,Entering Vehicle,0.997,0.399,NO
2026-09-01 20:17:36,task_2_scene0002,Loitering / Lingering,0.4074,0.593,YES
2026-09-01 20:17:36,task_2_scene0002,Carrying / Unloading Object,0.441,0.176,NO
2026-09-01 20:17:36,task_2_scene0002,Exiting Vehicle,0.4784,0.191,NO
2026-09-01 20:17:36,task_2_scene0002,Exiting Vehicle,0.5,0.2,NO
2026-09-01 20:17:36,task_2_scene0002,Loitering / Lingering,0.5279,0.472,NO
2026-09-01 20:17:36,task_2_scene0002,Entering Vehicle,0.9917,0.397,NO
2026-09-01 20:17:36,task_2_scene0002,Carrying / Unloading Object,0.5361,0.214,NO
2026-09-01 20:17:36,task_2_scene0002,Entering Vehicle,0.4733,0.189,NO
2026-09-01 20:17:36,task_2_scene0002,Entering Vehicle,0.9989,0.4,NO
2026-09-01 20:17:36,task_2_scene0002,Exiting Vehicle,0.4595,0.184,NO
2026-09-01 20:17:36,task_2_scene0002,Exiting Vehicle,0.4078,0.163,NO
2026-09-01 20:17:36,task_2_scene0002,Entering Vehicle,0.9907,0.396,NO
2026-09-01 20:17:36,task_2_scene0002,Loitering / Lingering,0.577,0.423,NO
2026-09-01 20:17:36,task_2_scene0002,Carrying / Unloading Object,0.539,0.216,NO
2026-09-01 20:17:36,task_2_scene0002,Entering Vehicle,0.9922,0.397,NO
2026-09-01 20:17:37,task_2_scene0002,Normal Pedestrian Motion,0.3611,0.144,NO
2026-09-01 20:17:37,task_2_scene0002,Carrying / Unloading Object,0.465,0.186,NO
2026-09-01 20:17:37,task_2_scene0002,Carrying / Unloading Object,0.4703,0.188,NO
2026-09-01 20:17:37,task_2_scene0002,Carrying / Unloading Object,0.4456,0.178,NO
2026-09-01 20:17:37,task_2_scene0002,Exiting Vehicle,0.5264,0.211,NO
2026-09-01 20:17:37,task_2_scene0002,Entering Vehicle,0.9891,0.396,NO
2026-09-01 20:17:37,task_2_scene0002,Loitering / Lingering,0.6031,0.397,NO
2026-09-01 20:17:37,task_2_scene0002,Entering Vehicle,0.5533,0.221,NO
2026-09-01 20:17:37,task_2_scene0002,Exiting Vehicle,0.4826,0.193,NO
2026-09-01 20:17:37,task_2_scene0002,Carrying / Unloading Object,0.5397,0.216,NO
2026-09-01 20:17:37,task_2_scene0002,Entering Vehicle,0.5854,0.234,NO
2026-09-01 20:17:37,task_2_scene0002,Loitering / Lingering,0.5489,0.451,NO
2026-09-01 20:17:37,task_2_scene0002,Carrying / Unloading Object,0.5227,0.209,NO
2026-09-01 20:17:37,task_2_scene0002,Entering Vehicle,0.9126,0.365,NO
2026-09-01 20:17:37,task_2_scene0002,Entering Vehicle,0.6855,0.274,NO
2026-09-01 20:17:37,task_2_scene0002,Entering Vehicle,0.9961,0.398,NO
2026-09-01 20:17:37,task_2_scene0002,Carrying / Unloading Object,0.4711,0.188,NO
2026-09-01 20:17:37,task_2_scene0002,Exiting Vehicle,0.3803,0.152,NO
2026-09-01 20:17:37,task_2_scene0002,Entering Vehicle,0.6507,0.26,NO
2026-09-01 20:17:37,task_2_scene0002,Entering Vehicle,0.5541,0.222,NO
