Timestamp,User_Query,Retrieved_Doc_ID,Similarity_Distance,Source_Reference,Retrieved_Context
2026-08-08 18:53:18,How do I align or troubleshoot the display cable and hinge assembly?,doc_image_page_18,1.1248,data/extracted_images/page_18_diagram_1.jpeg,Page 18 Diagram 1 Description: This is an exploded view of the laptop hinge and display cable routing. Component A is the left hinge bracket. Component B is the EDP display cable connecting to the motherboard.
2026-08-08 19:39:42,aligning the display cable into the empty chat box,doc_image_page_18,1.4294,data/extracted_images/page_18_diagram_1.jpeg,Page 18 Diagram 1 Description: This is an exploded view of the laptop hinge and display cable routing. Component A is the left hinge bracket. Component B is the EDP display cable connecting to the motherboard.
2026-08-08 19:41:03,"What kind of processor and memory setup is installed on the Omen motherboard?"" What to watch for: The AI should find the ""Page 1 Text"" we inserted, mentioning the Ryzen 7 H-series processor and dual-channel memory setup",doc_text_1,0.4694,page_1_text,Page 1 Text: The Omen HP laptop motherboard contains a Ryzen 7 H-series processor and dual-channel memory.
2026-08-08 19:50:41,What kind of processor does it have?,doc_text_1,1.0335,page_1_text,Page 1 Text: The Omen HP laptop motherboard contains a Ryzen 7 H-series processor and dual-channel memory.
2026-08-08 19:51:07,How do I align the display cable?,doc_image_page_18,1.2267,data/extracted_images/page_18_diagram_1.jpeg,Page 18 Diagram 1 Description: This is an exploded view of the laptop hinge and display cable routing. Component A is the left hinge bracket. Component B is the EDP display cable connecting to the motherboard.
2026-08-08 19:51:32,What kind of processor does it have?,doc_text_1,1.0335,page_1_text,Page 1 Text: The Omen HP laptop motherboard contains a Ryzen 7 H-series processor and dual-channel memory.
2026-08-08 19:56:06,What kind of processor does it have?,doc_text_1,1.0335,page_1_text,Page 1 Text: The Omen HP laptop motherboard contains a Ryzen 7 H-series processor and dual-channel memory.
2026-08-08 20:00:31,What kind of processor does it have?,doc_text_1,1.0335,page_1_text,Page 1 Text: The Omen HP laptop motherboard contains a Ryzen 7 H-series processor and dual-channel memory.
2026-08-08 20:00:49,How do I align the display cable?,doc_image_page_18,1.2267,data/extracted_images/page_18_diagram_1.jpeg,Page 18 Diagram 1 Description: This is an exploded view of the laptop hinge and display cable routing. Component A is the left hinge bracket. Component B is the EDP display cable connecting to the motherboard.
2026-08-08 20:04:44,How should I route the EDP display cable to prevent it from getting pinched?,doc_image_page_18,1.3378,data/extracted_images/page_18_diagram_1.jpeg,Page 18 Diagram 1 Description: This is an exploded view of the laptop hinge and display cable routing. Component A is the left hinge bracket. Component B is the EDP display cable connecting to the motherboard.
2026-08-08 20:06:10,Can you show me the location of the RAM slots on the OMEN motherboard?,doc_text_1,0.7917,page_1_text,Page 1 Text: The Omen HP laptop motherboard contains a Ryzen 7 H-series processor and dual-channel memory.
2026-08-08 20:09:49,Can you show me the location of the RAM slots on the OMEN motherboard?,doc_text_1,0.7917,page_1_text,Page 1 Text: The Omen HP laptop motherboard contains a Ryzen 7 H-series processor and dual-channel memory.
2026-08-08 20:10:54,Can I get an exploded view of the laptop hinge bracket?,doc_image_page_18,1.1976,data/extracted_images/page_18_diagram_1.jpeg,Page 18 Diagram 1 Description: This is an exploded view of the laptop hinge and display cable routing. Component A is the left hinge bracket. Component B is the EDP display cable connecting to the motherboard.
2026-08-08 20:11:28,How does Component A connect to the motherboard in the hinge assembly?,doc_image_page_18,0.8136,data/extracted_images/page_18_diagram_1.jpeg,Page 18 Diagram 1 Description: This is an exploded view of the laptop hinge and display cable routing. Component A is the left hinge bracket. Component B is the EDP display cable connecting to the motherboard.
2026-08-08 20:12:45,How does Component A connect to the motherboard in the hinge assembly?,doc_image_page_18,0.8136,data/extracted_images/page_18_diagram_1.jpeg,Page 18 Diagram 1 Description: This is an exploded view of the laptop hinge and display cable routing. Component A is the left hinge bracket. Component B is the EDP display cable connecting to the motherboard.
2026-08-08 20:13:15,What is the routing path for the EDP display cable?,doc_image_page_18,1.0387,data/extracted_images/page_18_diagram_1.jpeg,Page 18 Diagram 1 Description: This is an exploded view of the laptop hinge and display cable routing. Component A is the left hinge bracket. Component B is the EDP display cable connecting to the motherboard.
2026-08-08 20:21:40,Can I get an exploded view of the laptop hinge bracket?,doc_image_page_68,1.4283,data/extracted_images/page_68_diagram_1.jpeg,Page 68 Diagram Description: Detailed exploded hardware component view and routing schematic extracted from page 68.
2026-08-08 20:23:50,What specific type of processor and memory configuration is housed on the motherboard,doc_image_page_68,1.1099,data/extracted_images/page_68_diagram_1.jpeg,Page 68 Diagram Description: Detailed exploded hardware component view and routing schematic extracted from page 68.
2026-08-08 20:24:22,Can you show me the physical layout and structural design of the Omen motherboard?,doc_image_page_68,1.0143,data/extracted_images/page_68_diagram_1.jpeg,Page 68 Diagram Description: Detailed exploded hardware component view and routing schematic extracted from page 68.
2026-08-09 15:55:05,1.	What specific type of processor and memory configuration is housed on the motherboard?,doc_image_page_68,1.0937,data/extracted_images/page_68_diagram_1.jpeg,Page 68 Diagram Description: Detailed exploded hardware component view and routing schematic extracted from page 68.
2026-08-09 15:55:31,"2.	Can you show me the physical layout and structural design of the Omen motherboard?""",doc_image_page_68,1.0060,data/extracted_images/page_68_diagram_1.jpeg,Page 68 Diagram Description: Detailed exploded hardware component view and routing schematic extracted from page 68.
2026-08-09 15:57:09,3.	What are the step-by-step instructions for routing the EDP display cable safely?,doc_text_82,1.0718,page_82_text,"Technical Manual Page 82: Standard specifications, wiring guidelines, and structural schematics."
2026-08-09 15:57:32,4.	Can you display the exploded view diagram of the laptop hinge bracket and display assembly?,doc_image_page_43,1.0806,data/extracted_images/page_43_diagram_1.jpeg,Page 43 Diagram Description: Detailed exploded hardware component view and routing schematic extracted from page 43.
2026-08-09 15:57:59,5.	Where is the primary M.2 NVMe solid-state drive slot located on the board?,doc_image_page_53,1.2357,data/extracted_images/page_53_diagram_1.jpeg,Page 53 Diagram Description: Detailed exploded hardware component view and routing schematic extracted from page 53.
2026-08-09 15:59:01,6.	What guidelines does the manual provide regarding thermal paste application and heatsink removal?,doc_text_66,1.1955,page_66_text,"Technical Manual Page 66: Standard specifications, wiring guidelines, and structural schematics."
2026-08-09 15:59:23,7.	Can you identify where the CMOS / RTC backup battery is positioned on the system board?,doc_image_page_71,1.4453,data/extracted_images/page_71_diagram_1.jpeg,Page 71 Diagram Description: Detailed exploded hardware component view and routing schematic extracted from page 71.
2026-08-09 15:59:43,8.	What safety precautions should a technician follow before handling internal board components?,doc_text_8,1.3568,page_8_text,"Technical Manual Page 8: Standard specifications, wiring guidelines, and structural schematics."
2026-08-09 16:00:07,9.	Where are the RAM memory slots positioned relative to the processor socket?,doc_image_page_68,1.2575,data/extracted_images/page_68_diagram_1.jpeg,Page 68 Diagram Description: Detailed exploded hardware component view and routing schematic extracted from page 68.
2026-08-09 16:00:35,10.	What are the specific guidelines for reconnecting the internal battery cable to prevent short circuits?,doc_text_10,1.2490,page_10_text,"Technical Manual Page 10: Standard specifications, wiring guidelines, and structural schematics."
